日期,天气,最高温度,最低温度,风力风向
2022年5月8日,阴,25,16,东风 3-4级
2022年5月7日,多云,29,18,东风 4-5级
2022年5月6日,晴,30,18,东风 3-4级
2022年5月5日,晴,28,15,东风 1-2级
2022年5月4日,晴,28,14,东风 3-4级
2022年5月3日,阴,27,14,东风 3-4级
2022年5月2日,多云,24,13,北风 1-2级
2022年5月1日,阴,19,12,北风 3-4级
,,,,
2022年4月30日,阴,17,13,北风 1-2级
2022年4月29日,阴,17,11,北风 1-2级
2022年4月28日,小雨,21,13,东风 3-4级
2022年4月27日,阴,22,14,东风 4-5级
2022年4月26日,小雨,25,16,东北风 3-4级
2022年4月25日,小雨,30,21,西南风 4-5级
2022年4月24日,多云,27,17,东风 3-4级
2022年4月23日,小雨,22,17,东风 1-2级
2022年4月22日,阴,28,19,南风 3-4级
2022年4月21日,晴,28,15,西南风 1-2级
2022年4月20日,多云,26,15,东风 3-4级
2022年4月19日,多云,24,13,北风 1-2级
2022年4月18日,阴,19,12,北风 1-2级
2022年4月17日,阴,18,12,东风 1-2级
2022年4月16日,阴,15,9,东北风 1-2级
2022年4月15日,阴,18,11,北风 3-4级
2022年4月14日,阴,17,13,北风 4-5级
2022年4月13日,大雨,16,12,西北风 4-5级
2022年4月12日,多云,33,19,东风 3-4级
2022年4月11日,晴,31,19,东风 1-2级
2022年4月10日,多云,29,17,西南风 3-4级
2022年4月9日,多云,30,16,南风 3-4级
2022年4月8日,晴,29,13,东南风 3-4级
2022年4月7日,晴,27,13,东风 1-2级
2022年4月6日,阴,24,11,北风 1-2级
2022年4月5日,阴,19,9,北风 1-2级
2022年4月4日,多云,17,10,东风 1-2级
2022年4月3日,晴,17,7,东风 3-4级
2022年4月2日,阴,15,6,北风 1-2级
2022年4月1日,阴,13,4,北风 3-4级
,,,,
2022年3月31日,小雨,14,8,北风 3-4级
2022年3月30日,小雨,23,14,北风 3-4级
2022年3月29日,多云,21,13,东风 1-2级
2022年3月28日,阴,15,7,东风 1-2级
2022年3月27日,阴,16,9,北风 1-2级
2022年3月26日,阴,17,11,西北风 1-2级
2022年3月25日,中雨,21,13,南风 4-5级
2022年3月24日,多云,20,12,东南风 3-4级
2022年3月23日,阴,14,6,北风 1-2级
2022年3月22日,小到中雨,9,6,东北风 4-5级
2022年3月21日,中雨,10,7,东北风 4-5级
2022年3月20日,中雨,9,8,东北风 4-5级
2022年3月19日,小雨,14,8,东风 3-4级
2022年3月18日,阴,15,9,西北风 1-2级
2022年3月17日,中雨,23,8,西北风 5-6级
2022年3月16日,多云,29,16,东风 3-4级
2022年3月15日,多云,24,14,东风 3-4级
2022年3月14日,小雨,28,11,北风 5-6级
2022年3月13日,小雨,25,16,西北风 1-2级
2022年3月12日,晴,28,15,南风 3-4级
2022年3月11日,多云,24,11,东风 1-2级
2022年3月10日,多云,22,11,南风 3-4级
2022年3月9日,晴,22,9,东风 3-4级
2022年3月8日,晴,19,6,东风 3-4级
2022年3月7日,小雨,9,2,北风 1-2级
2022年3月6日,小雨,11,6,东风 3-4级
2022年3月5日,晴,18,6,东风 4-5级
2022年3月4日,阴,19,9,北风 1-2级
2022年3月3日,多云,19,11,东风 3-4级
2022年3月2日,多云,16,7,北风 1-2级
2022年3月1日,阴,18,8,西北风 3-4级
,,,,
2022年2月28日,多云,20,10,北风 4-5级
2022年2月27日,晴,14,6,东风 3-4级
2022年2月26日,晴,17,4,西风 3-4级
2022年2月25日,晴,12,2,东风 3-4级
2022年2月24日,晴,8,0,北风 1-2级
2022年2月23日,小雨,4,-1,北风 1-2级
2022年2月22日,小雨,5,1,北风 3-4级
2022年2月21日,阴,7,2,北风 1-2级
2022年2月20日,阴,4,0,北风 1-2级
2022年2月19日,小雨,6,0,北风 3-4级
2022年2月18日,小雨,5,2,北风 3-4级
2022年2月17日,小雪,4,1,东北风 4-5级
2022年2月16日,阴,8,2,东风 3-4级
2022年2月15日,阴,9,3,东风 3-4级
2022年2月14日,多云,11,2,东北风 1-2级
2022年2月13日,小雨,6,2,北风 3-4级
2022年2月12日,阵雨,7,5,北风 1-2级
2022年2月11日,小雨,6,5,东风 3-4级
2022年2月10日,阴,7,3,北风 3-4级
2022年2月9日,小雨,4,3,北风 1-2级
2022年2月8日,小雨,6,1,东北风 3-4级
2022年2月7日,中雨,4,1,东风 3-4级
2022年2月6日,阴,5,1,东风 3-4级
2022年2月5日,雨夹雪,8,0,北风 3-4级
2022年2月4日,阴,7,0,北风 1-2级
2022年2月3日,小雨,3,1,北风 1-2级
2022年2月2日,小到中雨,3,1,东北风 3-4级
2022年2月1日,小雨,4,2,东北风 3-4级
,,,,
2022年1月31日,阴,7,2,北风 1-2级
2022年1月30日,阴,5,-1,北风 1-2级
2022年1月29日,小雪,2,0,北风 1-2级
2022年1月28日,小雨,3,0,北风 3-4级
2022年1月27日,小到中雨,6,2,北风 3-4级
2022年1月26日,小到中雨,7,5,东北风 3-4级
2022年1月25日,阵雨,7,5,北风 1-2级
2022年1月24日,小雨,7,5,北风 3-4级
2022年1月23日,小到中雨,10,6,北风 3-4级
2022年1月22日,小雨,9,7,北风 1-2级
2022年1月21日,阴,10,5,东风 3-4级
2022年1月20日,阴,11,4,东风 3-4级
2022年1月19日,多云,15,5,北风 3-4级
2022年1月18日,多云,13,3,东风 3-4级
2022年1月17日,阴,10,4,北风 1-2级
2022年1月16日,阴,11,6,东风 3-4级
2022年1月15日,多云,11,2,北风 1-2级
2022年1月14日,多云,7,0,东南风 1-2级
2022年1月13日,多云,6,0,北风 3-4级
2022年1月12日,晴,9,0,北风 1-2级
2022年1月11日,多云,8,0,北风 1-2级
2022年1月10日,小雨,9,4,西北风 3-4级
2022年1月9日,小雨,7,4,北风 1-2级
2022年1月8日,阴,10,2,东北风 3-4级
2022年1月7日,阴,10,3,北风 1-2级
2022年1月6日,阴,9,4,东北风 3-4级
2022年1月5日,小雨,11,6,北风 3-4级
2022年1月4日,多云,13,5,东北风 3-4级
2022年1月3日,晴,14,4,北风 1-2级
2022年1月2日,多云,12,2,东北风 1-2级
2022年1月1日,阴,10,2,北风 1-2级
,,,,
2021年12月31日,晴,10,1,东风 3-4级
2021年12月30日,晴,11,1,东北风 1-2级
2021年12月29日,多云,12,1,西北风 3-4级
2021年12月28日,阴,7,1,北风 1-2级
2021年12月27日,多云,4,-1,北风 1-2级
2021年12月26日,多云,5,-1,北风 3-4级
2021年12月25日,阴,4,-1,北风 3-4级
2021年12月24日,小雨,15,4,北风 4-5级
2021年12月23日,多云,16,8,东风 1-2级
2021年12月22日,晴,16,6,北风 1-2级
2021年12月21日,阴,15,6,北风 1-2级
2021年12月20日,多云,17,6,南风 1-2级
2021年12月19日,晴,14,2,北风 1-2级
2021年12月18日,晴,8,0,北风 1-2级
2021年12月17日,晴,11,0,北风 3-4级
2021年12月16日,小雨,15,8,北风 3-4级
2021年12月15日,小雨,16,9,北风 1-2级
2021年12月14日,多云,12,6,北风 1-2级
2021年12月13日,晴,11,3,北风 1-2级
2021年12月12日,小雨,9,5,北风 3-4级
2021年12月11日,晴,17,9,东风 3-4级
2021年12月10日,多云,17,8,北风 3-4级
2021年12月9日,多云,18,8,北风 1-2级
2021年12月8日,阴,15,7,东风 1-2级
2021年12月7日,多云,16,7,东风 1-2级
2021年12月6日,晴,17,6,北风 1-2级
2021年12月5日,晴,16,4,北风 1-2级
2021年12月4日,晴,15,4,北风 1-2级
2021年12月3日,晴,16,4,北风 1-2级
2021年12月2日,晴,12,2,西南风 3-4级
2021年12月1日,晴,9,1,西北风 1-2级
,,,,
2021年11月30日,多云,13,3,西北风 5-6级
2021年11月29日,小雨,19,12,北风 1-2级
2021年11月28日,小雨,17,13,东风 3-4级
2021年11月27日,多云,17,9,东风 3-4级
2021年11月26日,多云,18,7,北风 1-2级
2021年11月25日,晴,19,6,北风 1-2级
2021年11月24日,晴,16,4,南风 1-2级
2021年11月23日,多云,11,3,北风 1-2级
2021年11月22日,阴,11,2,北风 3-4级
2021年11月21日,小雨,19,8,西北风 5-6级
2021年11月20日,阴,20,10,东风 3-4级
2021年11月19日,多云,20,12,东风 3-4级
2021年11月18日,阴,17,11,北风 1-2级
2021年11月17日,小雨,18,13,东南风 3-4级
2021年11月16日,多云,19,10,北风 1-2级
2021年11月15日,多云,19,9,东南风 1-2级
2021年11月14日,晴,20,8,西南风 1-2级
2021年11月13日,多云,19,8,西南风 1-2级
2021年11月12日,多云,17,7,北风 1-2级
2021年11月11日,晴,18,9,西北风 1-2级
2021年11月10日,晴,17,6,西北风 3-4级
2021年11月9日,晴,14,6,西北风 3-4级
2021年11月8日,晴,10,3,西北风 3-4级
2021年11月7日,小雨,23,5,西北风 5-6级
2021年11月6日,小雨,21,16,东北风 3-4级
2021年11月5日,小雨,21,17,北风 1-2级
2021年11月4日,小雨,20,15,北风 1-2级
2021年11月3日,阴,19,13,北风 1-2级
2021年11月2日,小雨,20,14,东北风 3-4级
2021年11月1日,多云,23,14,东风 3-4级
,,,,
2021年10月31日,阴,21,14,东风 3-4级
2021年10月30日,晴,23,12,北风 1-2级
2021年10月29日,多云,21,13,北风 1-2级
2021年10月28日,晴,21,15,北风 1-2级
2021年10月27日,多云,21,14,北风 1-2级
2021年10月26日,阴,21,13,北风 1-2级
2021年10月25日,阴,21,12,东北风 3-4级
2021年10月24日,多云,21,11,北风 1-2级
2021年10月23日,多云,20,13,东风 1-2级
2021年10月22日,阴,18,11,北风 3-4级
2021年10月21日,阴,16,10,西北风 3-4级
2021年10月20日,中雨,13,10,北风 3-4级
2021年10月19日,阴,18,14,北风 3-4级
2021年10月18日,小雨,16,12,北风 1-2级
2021年10月17日,阴,16,11,北风 3-4级
2021年10月16日,小到中雨,17,11,北风 5-6级
2021年10月15日,小雨,27,19,西北风 5-6级
2021年10月14日,阴,29,20,北风 1-2级
2021年10月13日,小到中雨,25,22,东北风 3-4级
2021年10月12日,阴,23,19,北风 4-5级
2021年10月11日,小雨,21,18,北风 5-6级
2021年10月10日,小雨,31,21,北风 4-5级
2021年10月9日,多云,32,23,东风 3-4级
2021年10月8日,小雨,29,23,东北风 3-4级
2021年10月7日,小雨,30,23,东北风 1-2级
2021年10月6日,小雨,31,24,东风 3-4级
2021年10月5日,晴,32,23,东风 3-4级
2021年10月4日,晴,34,23,南风 3-4级
2021年10月3日,晴,34,21,南风 3-4级
2021年10月2日,多云,33,22,东风 3-4级
2021年10月1日,晴,31,21,东风 1-2级
,,,,
2021年9月30日,多云,29,19,北风 3-4级
2021年9月29日,雷阵雨,34,21,北风 3-4级
2021年9月28日,晴,33,23,东风 1-2级
2021年9月27日,晴,33,22,东风 1-2级
2021年9月26日,多云,32,22,东风 3-4级
2021年9月25日,多云,31,21,东北风 3-4级
2021年9月24日,多云,33,21,东风 3-4级
2021年9月23日,晴,34,20,东风 1-2级
2021年9月22日,晴,33,21,北风 1-2级
2021年9月21日,晴,31,21,北风 1-2级
2021年9月20日,小雨,32,22,西北风 3-4级
2021年9月19日,晴,33,24,东风 1-2级
2021年9月18日,晴,31,21,东风 1-2级
2021年9月17日,晴,28,19,北风 3-4级
2021年9月16日,小雨,28,22,北风 1-2级
2021年9月15日,小雨,27,23,西北风 4-5级
2021年9月14日,小雨,27,23,西北风 5-6级
2021年9月13日,中到大雨,26,23,西北风 6-7级
2021年9月12日,大雨,28,23,东北风 5-6级
2021年9月11日,小到中雨,28,23,东北风 3-4级
2021年9月10日,小雨,32,25,西北风 1-2级
2021年9月9日,小雨,30,24,北风 1-2级
2021年9月8日,小雨,29,24,东风 1-2级
2021年9月7日,阴,28,23,北风 1-2级
2021年9月6日,小到中雨,31,25,北风 3-4级
2021年9月5日,小雨,34,26,北风 1-2级
2021年9月4日,小雨,34,26,东风 1-2级
2021年9月3日,小雨,31,24,东北风 1-2级
2021年9月2日,小雨,34,25,北风 3-4级
2021年9月1日,小雨,35,25,东北风 3-4级
,,,,
2021年8月31日,多云,36,26,东南风 3-4级
2021年8月30日,多云,36,26,东风 1-2级
2021年8月29日,多云,36,26,北风 1-2级
2021年8月28日,多云,34,25,北风 1-2级
2021年8月27日,小雨,34,24,东北风 3-4级
2021年8月26日,多云,33,25,北风 1-2级
2021年8月25日,小雨,31,25,西北风 1-2级
2021年8月24日,小雨,34,26,西南风 3-4级
2021年8月23日,多云,35,26,西南风 3-4级
2021年8月22日,小雨,33,25,东南风 1-2级
2021年8月21日,小雨,32,25,西南风 3-4级
2021年8月20日,雷阵雨,34,25,南风 3-4级
2021年8月19日,多云,32,24,东风 1-2级
2021年8月18日,多云,32,23,东风 1-2级
2021年8月17日,小雨,30,24,东北风 3-4级
2021年8月16日,小雨,28,24,北风 1-2级
2021年8月15日,小到中雨,26,22,北风 1-2级
2021年8月14日,小到中雨,26,23,北风 3-4级
2021年8月13日,大到暴雨,27,22,北风 3-4级
2021年8月12日,中雨,30,25,东北风 1-2级
2021年8月11日,小到中雨,30,25,北风 1-2级
2021年8月10日,小雨,32,26,北风 1-2级
2021年8月9日,小雨,33,26,东北风 3-4级
2021年8月8日,晴,32,24,北风 1-2级
2021年8月7日,小雨,32,24,东风 1-2级
2021年8月6日,小雨,32,25,东风 3-4级
2021年8月5日,小雨,32,25,东风 3-4级
2021年8月4日,小雨,32,26,东风 4-5级
2021年8月3日,小雨,32,26,东风 3-4级
2021年8月2日,小雨,32,25,东北风 3-4级
2021年8月1日,小雨,31,25,东风 3-4级
,,,,
2021年7月31日,小雨,32,26,北风 1-2级
2021年7月30日,小雨,33,26,东风 1-2级
2021年7月29日,多云,34,25,西南风 4-5级
2021年7月28日,小雨,32,26,南风 4-5级
2021年7月27日,小到中雨,29,26,南风 4-5级
2021年7月26日,大雨,26,25,西北风 5-6级
2021年7月25日,大到暴雨,26,24,西北风 8-9级
2021年7月24日,中雨,27,24,东北风 6-7级
2021年7月23日,小雨,29,24,东北风 6-7级
2021年7月22日,小雨,30,25,东风 5-6级
2021年7月21日,小雨,33,25,东风 4-5级
2021年7月20日,晴,34,27,东风 4-5级
2021年7月19日,晴,34,26,东风 3-4级
2021年7月18日,多云,33,26,东风 3-4级
2021年7月17日,晴,35,26,东风 3-4级
2021年7月16日,晴,36,28,东南风 3-4级
2021年7月15日,小雨,37,27,南风 3-4级
2021年7月14日,晴,37,27,南风 3-4级
2021年7月13日,晴,37,27,西南风 3-4级
2021年7月12日,晴,37,28,西南风 3-4级
2021年7月11日,晴,37,27,西南风 3-4级
2021年7月10日,中到大雨,33,25,南风 3-4级
2021年7月9日,小雨,30,26,西南风 4-5级
2021年7月8日,小雨,35,27,西南风 4-5级
2021年7月7日,雷阵雨,36,28,西南风 3-4级
2021年7月6日,晴,37,27,南风 3-4级
2021年7月5日,小雨,34,25,南风 3-4级
2021年7月4日,小到中雨,30,25,东风 3-4级
2021年7月3日,小雨,32,25,西南风 5-6级
2021年7月2日,中到大雨,28,25,西南风 3-4级
2021年7月1日,小雨,29,24,东风 3-4级
,,,,
2021年6月30日,小雨,29,24,东风 3-4级
2021年6月29日,小雨,31,24,东风 3-4级
2021年6月28日,小雨,30,23,东风 3-4级
2021年6月27日,中到大雨,27,24,北风 1-2级
2021年6月26日,中雨,29,24,南风 3-4级
2021年6月25日,晴,32,23,东风 3-4级
2021年6月24日,晴,33,22,东风 3-4级
2021年6月23日,晴,30,21,东风 3-4级
2021年6月22日,多云,29,21,东风 3-4级
2021年6月21日,晴,26,19,东风 3-4级
2021年6月20日,小雨,23,20,东风 3-4级
2021年6月19日,小到中雨,22,20,东北风 3-4级
2021年6月18日,中雨,29,24,北风 3-4级
2021年6月17日,小到中雨,33,25,西风 3-4级
2021年6月16日,中雨,31,25,北风 3-4级
2021年6月15日,小雨,34,24,西南风 4-5级
2021年6月14日,小雨,31,25,东南风 3-4级
2021年6月13日,中雨,28,24,东北风 1-2级
2021年6月12日,雷阵雨,32,24,东风 3-4级
2021年6月11日,小雨,30,24,东风 1-2级
2021年6月10日,中雨,26,23,西南风 3-4级
2021年6月9日,小雨,31,24,东风 1-2级
2021年6月8日,晴,29,22,东风 3-4级
2021年6月7日,晴,31,19,东风 3-4级
2021年6月6日,晴,32,19,东风 3-4级
2021年6月5日,晴,30,18,南风 1-2级
2021年6月4日,多云,25,18,东南风 3-4级
2021年6月4日,多云,25,18,东南风 3-4级
2021年6月4日,多云,25,18,东南风 3-4级
2021年6月3日,小到中雨,30,20,西北风 3-4级
2021年6月2日,小雨,28,23,北风 1-2级
2021年6月1日,小雨,29,22,南风 3-4级
,,,,
2021年5月31日,晴,30,20,东风 3-4级
2021年5月30日,晴,31,20,东风 3-4级
2021年5月29日,晴,30,20,东南风 3-4级
2021年5月28日,多云,29,21,西南风 3-4级
2021年5月27日,多云,29,21,西南风 3-4级
2021年5月26日,大雨,23,19,东风 5-6级
2021年5月25日,晴,29,19,东北风 4-5级
2021年5月24日,多云,27,18,北风 3-4级
2021年5月23日,中雨,22,18,西北风 3-4级
2021年5月22日,阴,25,18,东南风 3-4级
2021年5月21日,多云,25,19,东风 3-4级
2021年5月20日,多云,26,17,西北风 4-5级
2021年5月19日,中雨,21,19,东风 3-4级
2021年5月18日,小雨,23,18,东风 3-4级
2021年5月17日,小雨,22,17,北风 3-4级
2021年5月16日,中雨,27,19,西北风 5-6级
2021年5月15日,中到大雨,35,24,西南风 4-5级
2021年5月14日,小雨,32,23,西南风 3-4级
2021年5月13日,小雨,28,21,东风 3-4级
2021年5月12日,小到中雨,29,21,东风 3-4级
2021年5月11日,中雨,28,21,西南风 4-5级
2021年5月10日,小雨,34,24,西南风 3-4级
2021年5月9日,晴,34,20,东风 3-4级
2021年5月8日,多云,32,19,西南风 4-5级
2021年5月7日,多云,31,19,北风 1-2级
2021年5月6日,阴,26,18,南风 3-4级
2021年5月5日,多云,25,15,东风 3-4级
2021年5月4日,小到中雨,25,16,西北风 3-4级
2021年5月3日,多云,30,19,南风 3-4级
2021年5月2日,晴,24,15,东风 4-5级
2021年5月1日,晴,27,16,北风 3-4级
,,,,
2021年4月30日,晴,31,18,西南风 5-6级
2021年4月29日,多云,27,18,西南风 4-5级
2021年4月28日,阴,24,15,东北风 3-4级
2021年4月27日,小雨,19,16,北风 1-2级
2021年4月26日,阴,24,17,东风 1-2级
2021年4月25日,小雨,22,16,东风 3-4级
2021年4月24日,小雨,22,17,北风 3-4级
2021年4月23日,阴,24,17,东北风 1-2级
2021年4月22日,小雨,25,19,西南风 3-4级
2021年4月21日,多云,28,16,东南风 1-2级
2021年4月20日,多云,25,14,东南风 3-4级
2021年4月19日,晴,23,12,东风 3-4级
2021年4月18日,多云,19,11,东风 3-4级
2021年4月17日,阴,23,11,北风 4-5级
2021年4月16日,小雨,24,13,北风 3-4级
2021年4月15日,阴,19,11,东南风 1-2级
2021年4月14日,阴,15,11,东风 3-4级
2021年4月13日,阴,20,12,东风 3-4级
2021年4月12日,小雨,17,15,北风 1-2级
2021年4月11日,小雨,18,14,北风 1-2级
2021年4月10日,多云,19,11,东北风 4-5级
2021年4月9日,晴,18,7,东北风 3-4级
2021年4月8日,小雨,14,8,东北风 1-2级
2021年4月7日,小雨,14,10,东北风 3-4级
2021年4月6日,多云,19,11,东风 3-4级
2021年4月5日,晴,17,10,东北风 3-4级
2021年4月4日,多云,17,6,北风 3-4级
2021年4月3日,小雨,18,11,西南风 1-2级
2021年4月2日,阴,21,15,北风 1-2级
2021年4月1日,小雨,20,16,北风 1-2级
,,,,
2021年3月31日,小雨,22,14,东风 3-4级
2021年3月30日,小雨,17,14,东北风 5-6级
2021年3月29日,小雨,27,16,东北风 1-2级
2021年3月28日,晴,25,13,北风 1-2级
2021年3月27日,小雨,22,14,北风 3-4级
2021年3月26日,多云,24,13,南风 3-4级
2021年3月25日,晴,20,9,东风 3-4级
2021年3月24日,晴,19,8,东北风 3-4级
2021年3月23日,多云,17,9,东南风 3-4级
2021年3月22日,晴,15,5,东北风 1-2级
2021年3月21日,阴,15,4,北风 1-2级
2021年3月20日,小雨,13,9,西南风 1-2级
2021年3月19日,小到中雨,13,11,东北风 3-4级
2021年3月18日,小雨,13,10,东风 3-4级
2021年3月17日,小雨,11,9,东风 3-4级
2021年3月16日,小雨,16,9,东北风 3-4级
2021年3月15日,小雨,25,14,北风 1-2级
2021年3月14日,多云,18,10,东北风 4-5级
2021年3月13日,多云,16,7,东北风 3-4级
2021年3月12日,多云,15,7,西南风 3-4级
2021年3月11日,小雨,12,9,北风 1-2级
2021年3月10日,多云,16,9,东风 3-4级
2021年3月9日,阴,13,7,东北风 3-4级
2021年3月8日,小雨,12,8,东北风 4-5级
2021年3月7日,小雨,8,6,北风 1-2级
2021年3月6日,小雨,12,6,东北风 3-4级
2021年3月5日,小雨,16,9,东北风 3-4级
2021年3月4日,多云,16,8,西北风 1-2级
2021年3月3日,小雨,12,7,东北风 1-2级
2021年3月2日,多云,11,4,北风 3-4级
2021年3月1日,小雨,15,6,北风 1-2级
,,,,
2021年2月28日,阴,16,11,北风 3-4级
2021年2月27日,小雨,12,10,东北风 3-4级
2021年2月26日,小到中雨,10,8,北风 1-2级
2021年2月25日,小雨,17,9,西南风 3-4级
2021年2月24日,晴,18,9,东北风 4-5级
2021年2月23日,多云,14,7,东北风 6-7级
2021年2月22日,阴,27,8,东北风 5-6级
2021年2月21日,晴,26,10,西南风 3-4级
2021年2月20日,晴,23,8,西南风 4-5级
2021年2月19日,晴,19,7,西南风 4-5级
2021年2月18日,晴,11,3,北风 3-4级
2021年2月17日,晴,10,2,东北风 1-2级
2021年2月16日,阴,12,3,北风 1-2级
2021年2月15日,多云,15,7,东北风 3-4级
2021年2月14日,小雨,19,8,西南风 3-4级
2021年2月13日,阴,16,9,东北风 3-4级
2021年2月12日,阴,13,9,东北风 3-4级
2021年2月11日,小到中雨,10,8,东风 3-4级
2021年2月10日,阴,11,8,东风 3-4级
2021年2月9日,多云,12,7,东风 3-4级
2021年2月8日,小雨,14,3,东北风 3-4级
2021年2月7日,多云,18,8,东风 3-4级
2021年2月6日,多云,17,6,西南风 3-4级
2021年2月5日,小雨,14,8,西南风 1-2级
2021年2月4日,晴,13,8,东北风 4-5级
2021年2月3日,多云,17,6,北风 1-2级
2021年2月2日,晴,11,4,东北风 3-4级
2021年2月1日,小雨,12,6,北风 1-2级
,,,,
2021年1月31日,多云,19,10,北风 1-2级
2021年1月30日,多云,15,5,东风 1-2级
2021年1月29日,晴,11,1,东北风 3-4级
2021年1月28日,晴,11,0,西南风 4-5级
2021年1月27日,小雨,10,5,北风 1-2级
2021年1月26日,阴,11,8,西南风 3-4级
2021年1月25日,阴,13,9,北风 1-2级
2021年1月24日,阴,11,5,东风 1-2级
2021年1月23日,小雨,8,5,北风 1-2级
2021年1月22日,小雨,12,7,北风 1-2级
2021年1月21日,多云,21,9,北风 1-2级
2021年1月20日,晴,18,7,南风 1-2级
2021年1月19日,晴,13,3,东南风 3-4级
2021年1月18日,晴,12,1,西南风 3-4级
2021年1月17日,晴,7,-1,北风 1-2级
2021年1月16日,多云,7,0,东北风 3-4级
2021年1月15日,晴,20,4,北风 3-4级
2021年1月14日,多云,17,5,北风 1-2级
2021年1月13日,晴,16,3,西南风 3-4级
2021年1月12日,晴,10,1,西南风 3-4级
2021年1月11日,晴,8,0,西北风 3-4级
2021年1月10日,多云,6,-1,东北风 1-2级
2021年1月9日,多云,5,-2,西北风 1-2级
2021年1月8日,晴,2,-5,西北风 3-4级
2021年1月7日,阴,0,-5,西北风 4-5级
2021年1月6日,阴,6,-2,北风 4-5级
2021年1月5日,小雨,9,1,东北风 3-4级
2021年1月4日,多云,12,5,东风 3-4级
2021年1月3日,多云,11,0,东风 3-4级
2021年1月2日,晴,8,0,北风 1-2级
2021年1月1日,晴,6,-2,北风 1-2级
,,,,
2020年12月31日,晴,2,-2,西北风 1-2级
2020年12月30日,晴,0,-4,西北风 5-6级
2020年12月29日,小雨,13,-3,西北风 5-6级
2020年12月28日,晴,15,5,东风 3-4级
2020年12月27日,小雨,13,5,北风 1-2级
2020年12月26日,阴,13,8,北风 1-2级
2020年12月25日,晴,11,4,东风 3-4级
2020年12月24日,晴,13,2,北风 3-4级
2020年12月23日,阴,11,4,北风 1-2级
2020年12月22日,晴,11,1,北风 1-2级
2020年12月21日,晴,8,0,东风 1-2级
2020年12月20日,晴,8,0,东北风 3-4级
2020年12月19日,多云,8,1,北风 4-5级
2020年12月18日,小雨,5,3,北风 3-4级
2020年12月17日,多云,7,3,东风 1-2级
2020年12月16日,晴,6,0,北风 1-2级
2020年12月15日,晴,5,0,北风 3-4级
2020年12月14日,阴,4,0,北风 3-4级
2020年12月13日,晴,12,2,北风 4-5级
2020年12月12日,晴,12,4,东北风 3-4级
2020年12月11日,阴,11,6,北风 1-2级
2020年12月10日,阴,13,9,北风 1-2级
2020年12月9日,多云,13,7,北风 1-2级
2020年12月8日,阴,11,7,东北风 3-4级
2020年12月7日,阴,12,8,北风 3-4级
2020年12月6日,晴,13,6,东风 1-2级
2020年12月5日,多云,10,4,东风 3-4级
2020年12月4日,多云,9,4,北风 3-4级
2020年12月3日,阴,9,3,西北风 4-5级
2020年12月3日,阴,9,3,西北风 4-5级
2020年12月2日,阴,13,8,北风 3-4级
2020年12月1日,阴,13,9,东风 3-4级
,,,,
2020年11月30日,阴,12,7,东北风 3-4级
2020年11月29日,多云,11,6,北风 3-4级
2020年11月28日,阴,10,6,北风 3-4级
2020年11月27日,小雨,11,8,北风 3-4级
2020年11月26日,阴,13,9,西北风 3-4级
2020年11月25日,小雨,12,11,北风 3-4级
2020年11月24日,小雨,11,9,北风 3-4级
2020年11月23日,阴,12,9,东北风 3-4级
2020年11月22日,阴,11,10,北风 4-5级
2020年11月21日,阴,19,14,东南风 3-4级
2020年11月20日,小雨,17,13,东北风 3-4级
2020年11月19日,小雨,23,15,北风 3-4级
2020年11月18日,多云,28,18,南风 3-4级
2020年11月17日,阴,27,19,南风 3-4级
2020年11月16日,多云,23,15,东风 3-4级
2020年11月15日,晴,24,14,东风 3-4级
2020年11月14日,多云,20,12,东风 4-5级
2020年11月13日,多云,21,12,东风 3-4级
2020年11月12日,晴,22,12,东风 3-4级
2020年11月11日,晴,20,9,东风 3-4级
2020年11月10日,晴,19,9,东北风 3-4级
2020年11月9日,晴,19,10,东北风 3-4级
2020年11月8日,晴,21,11,北风 1-2级
2020年11月7日,多云,24,12,北风 3-4级
2020年11月6日,晴,24,14,北风 1-2级
2020年11月5日,多云,21,13,东风 1-2级
2020年11月4日,晴,17,11,东风 3-4级
2020年11月3日,晴,18,10,北风 3-4级
2020年11月2日,多云,22,13,北风 3-4级
2020年11月1日,阴,20,17,北风 1-2级
,,,,
2020年10月31日,多云,21,13,北风 1-2级
2020年10月30日,晴,21,12,东风 1-2级
2020年10月29日,多云,21,13,东风 3-4级
2020年10月28日,多云,23,16,北风 1-2级
2020年10月27日,阴,22,16,东北风 3-4级
2020年10月26日,多云,23,13,北风 1-2级
2020年10月25日,多云,21,14,东风 3-4级
2020年10月24日,多云,19,12,东风 1-2级
2020年10月23日,晴,20,9,北风 3-4级
2020年10月22日,多云,21,11,北风 3-4级
2020年10月21日,阴,19,14,北风 1-2级
2020年10月20日,多云,21,14,东风 1-2级
2020年10月19日,阴,20,14,北风 1-2级
2020年10月18日,小雨,21,15,东北风 1-2级
2020年10月17日,多云,20,14,东北风 3-4级
2020年10月16日,小雨,16,13,北风 3-4级
2020年10月15日,小雨,23,17,东风 4-5级
2020年10月14日,阴,24,17,东风 3-4级
2020年10月13日,多云,24,16,东风 3-4级
2020年10月12日,多云,25,16,东北风 3-4级
2020年10月11日,多云,25,15,北风 1-2级
2020年10月10日,多云,24,14,北风 1-2级
2020年10月9日,多云,24,15,北风 1-2级
2020年10月8日,多云,23,17,东北风 3-4级
2020年10月7日,阴,23,16,东北风 3-4级
2020年10月6日,阴,22,17,北风 1-2级
2020年10月5日,阴,22,16,北风 3-4级
2020年10月4日,小雨,22,17,北风 4-5级
2020年10月3日,阴,27,24,东北风 3-4级
2020年10月2日,晴,28,19,东风 3-4级
2020年10月1日,多云,26,18,东风 1-2级
,,,,
2020年9月30日,多云,25,17,北风 3-4级
2020年9月29日,多云,26,19,东北风 3-4级
2020年9月28日,阴,26,18,东风 3-4级
2020年9月27日,小雨,26,19,东北风 3-4级
2020年9月26日,阴,24,18,东北风 1-2级
2020年9月25日,多云,26,19,北风 1-2级
2020年9月24日,多云,25,18,北风 1-2级
2020年9月23日,小雨,21,19,北风 1-2级
2020年9月22日,小雨,24,20,北风 1-2级
2020年9月21日,阴,24,20,北风 1-2级
2020年9月20日,阴,24,18,东风 1-2级
2020年9月19日,小雨,19,17,北风 3-4级
2020年9月18日,小到中雨,19,17,东北风 1-2级
2020年9月17日,中雨,25,19,北风 4-5级
2020年9月16日,小到中雨,25,23,北风 1-2级
2020年9月15日,小雨,25,22,北风 1-2级
2020年9月14日,小雨,26,22,北风 1-2级
2020年9月13日,阴,27,20,北风 1-2级
2020年9月12日,多云,28,21,西北风 3-4级
2020年9月11日,阴,29,21,北风 3-4级
2020年9月10日,小雨,32,25,东北风 3-4级
2020年9月9日,阴,34,24,东北风 1-2级
2020年9月8日,晴,35,23,东南风 3-4级
2020年9月7日,晴,34,23,西北风 3-4级
2020年9月6日,晴,32,24,北风 4-5级
2020年9月5日,多云,33,21,东风 4-5级
2020年9月4日,多云,34,23,东风 3-4级
2020年9月3日,晴,34,22,西北风 1-2级
2020年9月2日,小雨,32,22,西北风 4-5级
2020年9月1日,多云,33,26,北风 5-6级
,,,,
2020年8月31日,多云,34,26,东风 3-4级
2020年8月30日,多云,33,24,东风 3-4级
2020年8月29日,多云,32,24,西北风 3-4级
2020年8月28日,中雨,28,22,北风 3-4级
2020年8月27日,大到暴雨,33,25,北风 3-4级
2020年8月26日,多云,36,26,西北风 3-4级
2020年8月25日,小雨,38,27,西北风 3-4级
2020年8月24日,晴,37,27,东风 3-4级
2020年8月23日,晴,37,26,东风 3-4级
2020年8月22日,多云,36,27,东风 3-4级
2020年8月21日,多云,38,25,东南风 3-4级
2020年8月20日,晴,38,26,东南风 3-4级
2020年8月19日,晴,38,26,东南风 3-4级
2020年8月18日,多云,38,27,东南风 3-4级
2020年8月17日,晴,38,27,东南风 3-4级
2020年8月16日,多云,38,27,东南风 3-4级
2020年8月15日,晴,38,27,东南风 3-4级
2020年8月14日,阴,38,27,东南风 3-4级
2020年8月13日,多云,38,26,西南风 3-4级
2020年8月12日,多云,38,27,西南风 3-4级
2020年8月11日,多云,36,27,南风 3-4级
2020年8月10日,小雨,33,28,西南风 4-5级
2020年8月9日,阴,35,27,南风 3-4级
2020年8月8日,阴,34,27,南风 4-5级
2020年8月7日,多云,36,28,西南风 3-4级
2020年8月6日,阴,35,28,西南风 4-5级
2020年8月5日,多云,35,27,南风 4-5级
2020年8月4日,中雨,32,26,南风 6-7级
2020年8月3日,多云,36,27,东南风 4-5级
2020年8月2日,多云,37,26,南风 3-4级
2020年8月1日,多云,36,26,南风 3-4级
,,,,
2020年7月31日,多云,35,26,南风 4-5级
2020年7月30日,小雨,35,26,东南风 3-4级
2020年7月29日,雷阵雨,34,26,西北风 3-4级
2020年7月28日,小到中雨,35,25,东北风 3-4级
2020年7月27日,小到中雨,32,25,西南风 3-4级
2020年7月26日,阴,28,25,东风 3-4级
2020年7月25日,小雨,29,22,无持续风向 1-2级
2020年7月24日,小雨,27,21,西风 5-6级
2020年7月23日,多云,36,25,西南风 6-7级
2020年7月22日,阴,37,28,西南风 3-4级
2020年7月21日,小到中雨,33,24,西北风 3-4级
2020年7月20日,小雨,28,25,无持续风向 1-2级
2020年7月19日,多云,35,24,西南风 4-5级
2020年7月18日,多云,34,26,西南风 3-4级
2020年7月17日,多云,32,24,无持续风向 1-2级
2020年7月16日,小雨,24,22,东风 3-4级
2020年7月15日,大雨,24,21,东风 4-5级
2020年7月14日,阴,30,22,东北风 3-4级
2020年7月13日,小雨,32,24,北风 4-5级
2020年7月12日,多云,36,27,西南风 4-5级
2020年7月11日,小雨,31,25,东风 3-4级
2020年7月10日,中雨,29,24,东风 3-4级
2020年7月9日,小雨,29,25,北风 3-4级
2020年7月8日,中到大雨,27,24,南风 3-4级
2020年7月7日,小到中雨,29,24,西南风 4-5级
2020年7月6日,小到中雨,27,25,南风 5-6级
2020年7月5日,大雨,29,24,西南风 4-5级
2020年7月5日,大雨,29,24,西南风 4-5级
2020年7月4日,中到大雨,25,22,西北风 4-5级
2020年7月4日,中到大雨,25,22,西北风 4-5级
2020年7月3日,小到中雨,28,22,无持续风向 1-2级
2020年7月2日,小雨,28,24,东风 3-4级
2020年7月1日,小雨,30,24,东风 4-5级
,,,,
2020年6月30日,阴,30,23,东风 3-4级
2020年6月29日,中雨,31,23,西南风 6-7级
2020年6月28日,阴,35,26,东南风 3-4级
2020年6月27日,大到暴雨,28,24,西风 4-5级
2020年6月26日,小雨,32,25,东南风 3-4级
2020年6月25日,中雨,26,22,无持续风向 1-2级
2020年6月24日,小到中雨,29,24,无持续风向 1-2级
2020年6月23日,雷阵雨,31,25,无持续风向 1-2级
2020年6月22日,中雨,26,22,东北风 3-4级
2020年6月21日,大雨,23,21,东风 3-4级
2020年6月20日,中到大雨,22,21,东风 3-4级
2020年6月19日,中雨,24,21,无持续风向 1-2级
2020年6月18日,雷阵雨,35,23,西北风 5-6级
2020年6月17日,多云,36,28,西南风 4-5级
2020年6月16日,小雨,32,25,东风 4-5级
2020年6月15日,小到中雨,32,25,东风 3-4级
2020年6月14日,小雨,34,25,东北风 3-4级
2020年6月13日,多云,37,27,西南风 3-4级
2020年6月12日,雷阵雨,34,26,西南风 4-5级
2020年6月11日,小雨,31,25,无持续风向 1-2级
2020年6月10日,小雨,29,24,无持续风向 1-2级
2020年6月9日,阴,30,24,东风 4-5级
2020年6月8日,多云,29,22,东风 5-6级
2020年6月7日,阴,27,22,东风 5-6级
2020年6月6日,小雨,25,19,东风 5-6级
2020年6月5日,小到中雨,26,22,南风 3-4级
2020年6月4日,中雨,26,22,无持续风向 1-2级
2020年6月3日,中到大雨,27,22,西风 3-4级
2020年6月2日,阴,30,23,西南风 3-4级
2020年6月1日,多云,30,19,东南风 3-4级
,,,,
2020年5月31日,阴,29,21,西风 3-4级
2020年5月30日,中到大雨,22,18,东风 4-5级
2020年5月29日,小到中雨,24,18,东风 5-6级
2020年5月28日,阴,31,22,无持续风向 1-2级
2020年5月27日,多云,29,18,无持续风向 1-2级
2020年5月26日,小雨,23,17,北风 3-4级
2020年5月25日,小雨,26,21,东北风 3-4级
2020年5月24日,多云,32,22,东北风 3-4级
2020年5月23日,多云,30,19,东风 4-5级
2020年5月22日,阴,25,18,东风 3-4级
2020年5月21日,阴,27,21,东南风 4-5级
2020年5月20日,多云,31,20,东风 4-5级
2020年5月19日,晴,30,17,无持续风向 1-2级
2020年5月18日,多云,30,17,西北风 5-6级
2020年5月17日,小雨,30,22,无持续风向 1-2级
2020年5月16日,小到中雨,29,22,无持续风向 1-2级
2020年5月15日,小雨,28,22,西风 3-4级
2020年5月14日,小雨,29,22,西风 4-5级
2020年5月13日,多云,29,19,东风 4-5级
2020年5月12日,多云,29,17,西风 3-4级
2020年5月11日,多云,27,16,西北风 3-4级
2020年5月10日,小雨,24,17,北风 3-4级
2020年5月9日,阴,27,19,北风 3-4级
2020年5月8日,小雨,33,23,南风 4-5级
2020年5月7日,多云,28,19,东南风 3-4级
2020年5月6日,阴,24,18,东风 4-5级
2020年5月5日,中雨,24,20,东北风 3-4级
2020年5月4日,晴,35,21,东风 4-5级
2020年5月3日,晴,34,21,西南风 4-5级
2020年5月2日,晴,31,20,西南风 4-5级
2020年5月1日,小雨,26,19,东南风 3-4级
,,,,
2020年4月30日,多云,33,20,西南风 3-4级
2020年4月29日,晴,30,17,南风 3-4级
2020年4月28日,晴,23,11,东风 4-5级
2020年4月27日,阴,22,9,东风 4-5级
2020年4月26日,多云,26,13,东风 3-4级
2020年4月25日,晴,25,14,西南风 4-5级
2020年4月24日,多云,23,12,无持续风向 1-2级
2020年4月23日,多云,19,10,东风 3-4级
2020年4月22日,多云,19,11,无持续风向 1-2级
2020年4月21日,小雨,16,11,东北风 4-5级
2020年4月20日,多云,22,14,东北风 3-4级
2020年4月19日,小雨,20,11,西北风 5-6级
2020年4月18日,雷阵雨,23,15,东北风 4-5级
2020年4月17日,小雨,22,15,北风 4-5级
2020年4月16日,多云,28,16,南风 3-4级
2020年4月15日,多云,24,12,西风 3-4级
2020年4月14日,多云,21,11,无持续风向 1-2级
2020年4月13日,晴,20,9,西北风 4-5级
2020年4月12日,多云,18,8,西北风 6-7级
2020年4月11日,小雨,15,8,北风 5-6级
2020年4月10日,多云,23,15,东北风 4-5级
2020年4月9日,晴,23,11,东风 4-5级
2020年4月8日,多云,23,10,东风 4-5级
2020年4月7日,多云,19,8,东风 3-4级
2020年4月6日,阴,15,8,东风 3-4级
2020年4月5日,阴,15,9,东北风 3-4级
2020年4月4日,多云,19,7,北风 4-5级
2020年4月3日,阴,17,9,无持续风向 1-2级
2020年4月2日,多云,17,10,东风 4-5级
2020年4月1日,多云,17,7,北风 3-4级
,,,,
2020年3月31日,小雨,12,10,无持续风向 1-2级
2020年3月30日,小雨,12,8,无持续风向 1-2级
2020年3月29日,小到中雨,9,7,东北风 3-4级
2020年3月28日,小雨,7,4,北风 4-5级
2020年3月27日,小雨,13,8,北风 5-6级
2020年3月26日,小雨,27,14,无持续风向 1-2级
2020年3月25日,小雨,24,16,南风 4-5级
2020年3月24日,阴,21,13,东风 4-5级
2020年3月23日,阴,18,11,东风 4-5级
2020年3月22日,小雨,21,11,东北风 3-4级
2020年3月21日,小雨,27,16,南风 3-4级
2020年3月20日,晴,25,12,南风 3-4级
2020年3月19日,多云,23,9,北风 4-5级
2020年3月18日,晴,25,13,无持续风向 1-2级
2020年3月17日,阴,21,11,西南风 3-4级
2020年3月16日,多云,19,10,东风 3-4级
2020年3月15日,晴,20,6,西北风 3-4级
2020年3月14日,多云,14,6,西北风 3-4级
2020年3月13日,小雨,14,8,无持续风向 4-5级
2020年3月12日,小雨,16,10,东南风 3-4级
2020年3月11日,多云,16,9,东南风 3-4级
2020年3月10日,多云,16,6,西北风 5-6级
2020年3月9日,小雨,18,10,西北风 5-6级
2020年3月8日,小雨,18,12,东风 4-5级
2020年3月7日,阴,17,10,无持续风向 1-2级
2020年3月6日,小雨,17,7,东南风 3-4级
2020年3月5日,多云,11,5,东风 3-4级
2020年3月4日,阴,11,4,东北风 3-4级
2020年3月3日,小雨,12,8,无持续风向 1-2级
2020年3月2日,阴,11,7,东风 3-4级
2020年3月1日,小雨,12,7,北风 4-5级
,,,,
2020年2月29日,小雨,12,9,无持续风向 1-2级
2020年2月28日,阴,19,10,北风 3-4级
2020年2月27日,阴,13,9,东风 4-5级
2020年2月26日,小雨,12,8,东北风 3-4级
2020年2月25日,小雨,25,10,西北风 4-5级
2020年2月24日,多云,22,11,南风 4-5级
2020年2月23日,晴,18,9,东风 3-4级
2020年2月22日,晴,16,6,东北风 3-4级
2020年2月21日,多云,17,7,西北风 4-5级
2020年2月20日,晴,15,5,东风 4-5级
2020年2月19日,多云,13,3,无持续风向 1-2级
2020年2月18日,晴,12,1,无持续风向 1-2级
2020年2月17日,晴,9,-1,西北风 5-6级
2020年2月16日,多云,5,-1,西北风 5-6级
2020年2月15日,小到中雨,13,0,西北风 6-7级
2020年2月14日,小雨,17,12,东风 3-4级
2020年2月13日,小到中雨,18,10,无持续风向 1-2级
2020年2月12日,阴,16,9,无持续风向 1-2级
2020年2月11日,小到中雨,11,8,无持续风向 1-2级
2020年2月10日,多云,15,6,东南风 3-4级
2020年2月9日,多云,11,2,无持续风向 1-2级
2020年2月8日,阴,9,3,无持续风向 1-2级
2020年2月7日,小雨,7,4,东北风 3-4级
2020年2月6日,小到中雨,7,5,东风 5-6级
2020年2月5日,多云,11,5,东风 4-5级
2020年2月4日,阴,12,3,东风 3-4级
2020年2月3日,阴,12,6,东风 3-4级
2020年2月2日,多云,12,5,无持续风向 1-2级
2020年2月1日,晴,11,2,东风 3-4级
,,,,
2020年1月31日,晴,10,2,北风 3-4级
2020年1月30日,多云,9,1,西北风 5-6级
2020年1月29日,多云,9,3,西北风 5-6级
2020年1月28日,阴,8,2,西北风 4-5级
2020年1月27日,阴,7,4,西北风 4-5级
2020年1月26日,中雨,8,5,北风 4-5级
2020年1月25日,中雨,8,6,北风 3-4级
2020年1月24日,小到中雨,9,6,东北风 4-5级
2020年1月23日,小雨,10,7,无持续风向 1-2级
2020年1月22日,小雨,12,6,北风 3-4级
2020年1月21日,多云,12,5,东南风 3-4级
2020年1月20日,多云,12,3,无持续风向 1-2级
2020年1月19日,多云,10,3,无持续风向 1-2级
2020年1月18日,阴,6,2,无持续风向 1-2级
2020年1月17日,阴,7,2,北风 3-4级
2020年1月16日,小雨,7,5,北风 4-5级
2020年1月15日,小雨,7,4,东北风 3-4级
2020年1月14日,多云,8,1,西北风 3-4级
2020年1月13日,多云,9,4,无持续风向 1-2级
2020年1月12日,多云,7,2,无持续风向 1-2级
2020年1月11日,小雨,6,3,无持续风向 1-2级
2020年1月10日,小到中雨,8,6,无持续风向 1-2级
2020年1月9日,小雨,7,6,东北风 3-4级
2020年1月8日,多云,8,2,北风 3-4级
2020年1月7日,小雨,22,5,西风 5-6级
2020年1月6日,多云,23,11,西风 3-4级
2020年1月5日,小雨,15,9,西风 3-4级
2020年1月4日,小雨,10,8,无持续风向 1-2级
2020年1月3日,小雨,10,8,无持续风向 1-2级
2020年1月2日,阴,11,8,无持续风向 1-2级
2020年1月1日,晴,9,1,无持续风向 1-2级
,,,,
2019年12月31日,多云,7,1,北风 3-4级
2019年12月30日,阴,13,2,北风 4-5级
2019年12月29日,阴,16,7,无持续风向 1-2级
2019年12月28日,多云,12,3,无持续风向 1-2级
2019年12月27日,晴,7,1,无持续风向 1-2级
2019年12月26日,小雨,10,2,西风 5-6级
2019年12月25日,小雨,13,9,无持续风向 1-2级
2019年12月24日,小雨,11,10,东北风 3-4级
2019年12月23日,小雨,11,8,东风 3-4级
2019年12月22日,阴,10,6,西风 3-4级
2019年12月21日,中雨,8,7,无持续风向 1-2级
2019年12月20日,小雨,7,5,无持续风向 1-2级
2019年12月19日,小雨,6,4,北风 3-4级
2019年12月18日,小雨,11,6,北风 4-5级
2019年12月17日,小雨,14,8,西风 4-5级
2019年12月16日,晴,23,11,西风 3-4级
2019年12月15日,晴,18,9,西风 3-4级
2019年12月14日,晴,16,8,东北风 3-4级
2019年12月13日,晴,18,7,西风 3-4级
2019年12月12日,晴,13,5,东风 3-4级
2019年12月11日,晴,17,3,西风 4-5级
2019年12月10日,晴,18,5,无持续风向 1-2级
2019年12月9日,多云,17,4,无持续风向 1-2级
2019年12月8日,多云,12,2,无持续风向 1-2级
2019年12月7日,晴,10,1,无持续风向 1-2级
2019年12月6日,阴,10,1,北风 4-5级
2019年12月5日,多云,14,5,东北风 3-4级
2019年12月4日,多云,13,5,无持续风向 1-2级
2019年12月3日,晴,11,1,无持续风向 1-2级
2019年12月2日,多云,11,1,西风 4-5级
2019年12月1日,阴,10,4,西风 5-6级
,,,,
2019年11月30日,小雨,11,8,南风 1-2级
2019年11月29日,阴,12,7,东北风 3-4级
2019年11月28日,多云,11,6,西风 4-5级
2019年11月27日,小雨,10,8,西风 4-5级
2019年11月26日,阴,13,8,无持续风向 1-2级
2019年11月25日,阴,11,6,北风 4-5级
2019年11月24日,小雨,24,10,西风 6-7级
2019年11月23日,多云,22,14,无持续风向 1-2级
2019年11月22日,多云,22,12,东风 3-4级
2019年11月21日,多云,18,11,东风 1-2级
2019年11月20日,多云,16,8,东风 5-6级
2019年11月19日,晴,14,7,东北风 3-4级
2019年11月18日,小雨,12,4,无持续风向 1-2级
2019年11月17日,多云,26,13,西风 4-5级
2019年11月16日,晴,26,14,无持续风向 1-2级
2019年11月15日,晴,22,10,西风 3-4级
2019年11月14日,多云,18,8,无持续风向 1-2级
2019年11月13日,小雨,20,8,西风 5-6级
2019年11月12日,多云,19,13,无持续风向 1-2级
2019年11月11日,晴,22,12,无持续风向 1-2级
2019年11月10日,多云,23,10,西风 4-5级
2019年11月9日,晴,19,10,无持续风向 1-2级
2019年11月8日,多云,19,8,北风 4-5级
2019年11月7日,小雨,19,13,北风 3-4级
2019年11月6日,多云,20,13,无持续风向 1-2级
2019年11月5日,晴,21,12,北风 3-4级
2019年11月4日,多云,22,11,东北风 3-4级
2019年11月3日,多云,23,13,无持续风向 1-2级
2019年11月2日,多云,23,15,东风 3-4级
2019年11月1日,多云,23,12,东风 3-4级
,,,,
2019年10月31日,晴,24,11,无持续风向 1-2级
2019年10月30日,晴,22,10,无持续风向 1-2级
2019年10月29日,晴,23,12,北风 3-4级
2019年10月28日,多云,21,11,无持续风向 1-2级
2019年10月27日,小雨,16,13,无持续风向 1-2级
2019年10月26日,小雨,20,15,西风 3-4级
2019年10月25日,阴,24,16,北风 3-4级
2019年10月24日,晴,25,14,北风 3-4级
2019年10月23日,多云,23,15,东北风 3-4级
2019年10月22日,多云,23,16,东风 3-4级
2019年10月21日,多云,24,14,无持续风向 1-2级
2019年10月20日,晴,23,13,无持续风向 1-2级
2019年10月19日,晴,23,14,东北风 3-4级
2019年10月18日,多云,22,12,西风 4-5级
2019年10月17日,多云,21,15,北风 3-4级
2019年10月16日,多云,21,15,西风 3-4级
2019年10月15日,多云,20,14,北风 4-5级
2019年10月14日,小雨,24,17,东北风 5-6级
2019年10月13日,阴,23,19,北风 3-4级
2019年10月12日,阴,25,18,北风 4-5级
2019年10月11日,多云,28,20,东北风 4-5级
2019年10月10日,多云,27,18,东风 3-4级
2019年10月9日,多云,25,17,东风 4-5级
2019年10月8日,阴,21,16,北风 4-5级
2019年10月7日,多云,27,19,西风 5-6级
2019年10月6日,阴,24,19,东风 3-4级
2019年10月5日,多云,28,19,东北风 5-6级
2019年10月4日,晴,32,23,东北风 3-4级
2019年10月3日,晴,31,21,无持续风向 1-2级
2019年10月2日,多云,31,21,西风 5-6级
2019年10月1日,小到中雨,26,23,北风 7-8级
,,,,
2019年9月30日,多云,29,21,东风 4-5级
2019年9月29日,多云,30,20,北风 3-4级
2019年9月28日,晴,29,19,东北风 3-4级
2019年9月27日,多云,28,18,东风 4-5级
2019年9月26日,多云,29,17,东风 4-5级
2019年9月25日,阴,30,18,无持续风向 1-2级
2019年9月24日,晴,29,18,北风 3-4级
2019年9月23日,晴,28,16,北风 4-5级
2019年9月22日,阴,26,18,北风 7-8级
2019年9月21日,小雨,24,21,北风 6-7级
2019年9月20日,多云,26,20,北风 5-6级
2019年9月19日,多云,27,19,东北风 5-6级
2019年9月18日,晴,29,21,东北风 5-6级
2019年9月17日,多云,28,23,北风 4-5级
2019年9月16日,多云,28,21,北风 4-5级
2019年9月15日,小雨,30,22,东北风 4-5级
2019年9月14日,多云,32,23,东北风 4-5级
2019年9月13日,多云,32,24,东风 4-5级
2019年9月12日,多云,31,24,东风 4-5级
2019年9月11日,多云,33,25,东风 3-4级
2019年9月10日,多云,33,23,无持续风向 1-2级
2019年9月9日,晴,32,22,无持续风向 1-2级
2019年9月8日,晴,31,21,东北风 3-4级
2019年9月7日,多云,31,21,西北风 3-4级
2019年9月6日,小雨,29,23,北风 5-6级
2019年9月5日,小雨,28,23,东北风 4-5级
2019年9月4日,小雨,28,23,东北风 3-4级
2019年9月3日,小到中雨,24,21,北风 3-4级
2019年9月2日,中雨,25,22,北风 3-4级
2019年9月1日,中雨,22,19,东北风 4-5级
,,,,
2019年8月31日,小雨,29,22,东风 4-5级
2019年8月30日,多云,29,21,无持续风向 1-2级
2019年8月29日,中雨,24,21,东北风 1-2级
2019年8月28日,小雨,34,23,北风 3-4级
2019年8月27日,多云,36,27,西北风 4-5级
2019年8月26日,多云,36,27,西南风 3-4级
2019年8月25日,小雨,34,27,东风 4-5级
2019年8月24日,多云,34,27,东风 4-5级
2019年8月23日,小雨,34,26,东北风 3-4级
2019年8月22日,晴,35,25,东北风 3-4级
2019年8月21日,多云,34,25,东风 3-4级
2019年8月20日,多云,32,24,东风 3-4级
2019年8月19日,多云,32,24,东北风 4-5级
2019年8月18日,小雨,33,26,东北风 3-4级
2019年8月17日,多云,36,26,无持续风向 1-2级
2019年8月16日,多云,35,27,无持续风向 1-2级
2019年8月15日,多云,34,26,西北风 3-4级
2019年8月14日,晴,35,26,北风 3-4级
2019年8月13日,晴,35,26,无持续风向 1-2级
2019年8月12日,多云,34,26,西风 3-4级
2019年8月11日,多云,34,27,西风 5-6级
2019年8月10日,暴雨,31,26,东北风 10-11级
2019年8月9日,中到大雨,30,26,东北风 7-8级
2019年8月8日,小雨,34,27,东风 5-6级
2019年8月7日,晴,36,26,东风 4-5级
2019年8月6日,多云,35,26,东风 4-5级
2019年8月5日,多云,35,26,东风 4-5级
2019年8月4日,小雨,33,26,东风 4-5级
2019年8月3日,小雨,35,27,东风 5-6级
2019年8月2日,晴,36,27,东南风 4-5级
2019年8月1日,多云,37,27,东南风 4-5级
,,,,
2019年7月31日,多云,38,28,南风 3-4级
2019年7月30日,多云,38,27,无持续风向 1-2级
2019年7月29日,多云,38,28,南风 3-4级
2019年7月28日,多云,37,28,南风 3-4级
2019年7月27日,雷阵雨,36,29,东南风 3-4级
2019年7月26日,雷阵雨,37,27,无持续风向 1-2级
2019年7月25日,多云,37,28,无持续风向 1-2级
2019年7月24日,多云,37,28,西南风 3-4级
2019年7月23日,晴,36,27,西南风 3-4级
2019年7月22日,多云,36,27,东南风 3-4级
2019年7月21日,小雨,35,26,无持续风向 1-2级
2019年7月20日,多云,33,26,无持续风向 1-2级
2019年7月19日,小雨,32,25,北风 4-5级
2019年7月18日,多云,34,26,东风 3-4级
2019年7月17日,多云,34,25,东风 1-2级
2019年7月16日,大雨,30,25,东风 3-4级
2019年7月15日,小雨,30,24,东风 1-2级
2019年7月14日,多云,29,22,东风 1-2级
2019年7月13日,大雨,23,21,北风 1-2级
2019年7月12日,大雨,27,23,东北风 1-2级
2019年7月11日,多云,30,23,无持续风向 1-2级
2019年7月10日,阴,27,21,西北风 1-2级
2019年7月9日,大雨,25,22,东风 4-5级
2019年7月8日,小雨,30,22,西南风 1-2级
2019年7月7日,多云,34,23,西风 1-2级
2019年7月6日,小雨,31,25,东南风 1-2级
2019年7月5日,小雨,27,21,东风 1-2级
2019年7月4日,大雨,26,21,东风 1-2级
2019年7月3日,小雨,28,23,东风 1-2级
2019年7月2日,小雨,27,25,东北风 4-5级
2019年7月1日,中雨,29,21,东风 1-2级
,,,,
2019年6月30日,暴雨,29,25,北风 3-4级
2019年6月29日,中到大雨,33,26,西风 3-4级
2019年6月28日,雷阵雨,35,27,南风 1-2级
2019年6月27日,多云,32,22,无持续风向 1-2级
2019年6月26日,小雨,28,22,无持续风向 1-2级
2019年6月25日,大雨,25,23,东南风 1-2级
2019年6月24日,多云,29,23,东风 3-4级
2019年6月23日,多云,27,19,东风 1-2级
2019年6月22日,小雨,26,19,东风 1-2级
2019年6月21日,大雨,23,20,东北风 3-4级
2019年6月20日,中雨,25,23,东风 1-2级
2019年6月19日,中雨,27,22,无持续风向 1-2级
2019年6月18日,中到大雨,25,22,无持续风向 1-2级
2019年6月17日,小雨,30,22,南风 3-4级
2019年6月16日,多云,34,22,东南风 1-2级
2019年6月15日,多云,31,21,无持续风向 1-2级
2019年6月14日,多云,27,18,北风 1-2级
2019年6月13日,小雨,23,19,东风 3-4级
2019年6月12日,多云,26,21,东风 3-4级
2019年6月11日,多云,30,20,东风 3-4级
2019年6月10日,小雨,33,21,东北风 1-2级
2019年6月9日,多云,32,22,东风 1-2级
2019年6月8日,多云,31,23,东风 3-4级
2019年6月7日,阴,29,20,无持续风向 1-2级
2019年6月6日,小到中雨,34,24,西南风 6-7级
2019年6月5日,晴,35,25,东风 3-4级
2019年6月4日,晴,35,22,东风 1-2级
2019年6月3日,多云,31,21,东风 1-2级
2019年6月2日,多云,28,20,东风 1-2级
2019年6月1日,小雨,24,19,无持续风向 1-2级
,,,,
2019年5月31日,小雨,26,18,北风 1-2级
2019年5月30日,小雨,28,20,南风 1-2级
2019年5月29日,晴,27,17,东风 1-2级
2019年5月28日,晴,26,17,东北风 3-4级
2019年5月27日,小雨,31,18,东北风 3-4级
2019年5月26日,大雨,27,22,无持续风向 1-2级
2019年5月25日,小雨,31,23,南风 3-4级
2019年5月24日,多云,33,20,南风 3-4级
2019年5月23日,晴,32,18,东北风 1-2级
2019年5月22日,多云,30,17,无持续风向 1-2级
2019年5月21日,多云,26,18,无持续风向 1-2级
2019年5月20日,多云,23,14,北风 4-5级
2019年5月19日,小雨,24,19,无持续风向 1-2级
2019年5月18日,多云,29,20,东北风 1-2级
2019年5月17日,中雨,27,21,无持续风向 1-2级
2019年5月16日,阴,26,20,无持续风向 1-2级
2019年5月15日,小到中雨,22,18,东风 1-2级
2019年5月14日,多云,24,18,东北风 3-4级
2019年5月13日,小雨,23,18,东北风 3-4级
2019年5月12日,晴,31,19,东北风 4-5级
2019年5月11日,晴,30,18,东北风 4-5级
2019年5月10日,多云,27,17,东北风 3-4级
2019年5月9日,晴,26,16,无持续风向 1-2级
2019年5月8日,阴,22,14,无持续风向 1-2级
2019年5月7日,多云,20,15,东北风 4-5级
2019年5月6日,多云,23,13,东北风 4-5级
2019年5月5日,多云,28,16,东风 1-2级
2019年5月4日,多云,27,14,东风 3-4级
2019年5月3日,多云,25,13,东风 3-4级
2019年5月2日,多云,25,12,东风 1-2级
2019年5月1日,多云,24,13,东北风 1-2级
,,,,
2019年4月30日,小雨,19,14,无持续风向 1-2级
2019年4月29日,雷阵雨,21,16,无持续风向 1-2级
2019年4月28日,阴,24,15,无持续风向 1-2级
2019年4月27日,多云,20,14,东北风 4-5级
2019年4月26日,阴,20,12,东北风 3-4级
2019年4月25日,小雨,26,17,无持续风向 1-2级
2019年4月24日,小雨,26,21,无持续风向 1-2级
2019年4月23日,阴,28,21,无持续风向 1-2级
2019年4月22日,小雨,27,20,东北风 1-2级
2019年4月21日,小雨,29,19,东北风 1-2级
2019年4月20日,小雨,27,19,东北风 3-4级
2019年4月19日,多云,29,19,东风 1-2级
2019年4月18日,多云,32,17,南风 1-2级
2019年4月17日,晴,28,15,无持续风向 1-2级
2019年4月16日,小雨,20,13,无持续风向 1-2级
2019年4月15日,晴,20,12,东风 3-4级
2019年4月14日,多云,22,9,北风 3-4级
2019年4月13日,多云,23,13,无持续风向 1-2级
2019年4月12日,晴,19,10,东北风 4-5级
2019年4月11日,小雨,14,9,东北风 1-2级
2019年4月10日,阴,16,10,东北风 1-2级
2019年4月9日,小雨,33,12,西南风 5-6级
2019年4月8日,晴,31,18,东北风 3-4级
2019年4月7日,晴,30,17,西南风 1-2级
2019年4月6日,晴,28,14,西南风 1-2级
2019年4月5日,多云,23,12,西南风 1-2级
2019年4月4日,小雨,16,12,东北风 1-2级
2019年4月3日,阴,15,10,东北风 1-2级
2019年4月2日,小雨,17,11,东北风 1-2级
2019年4月1日,晴,18,8,东北风 3-4级
,,,,
2019年3月31日,多云,14,8,东北风 3-4级
2019年3月30日,多云,21,9,西南风 1-2级
2019年3月29日,阵雨,19,11,东北风 1-2级
2019年3月28日,小雨,18,12,东北风 4-5级
2019年3月27日,中雨,20,15,东北风 1-2级
2019年3月26日,多云,22,12,东北风 1-2级
2019年3月25日,小雨,17,8,西南风 1-2级
2019年3月24日,多云,17,10,东北风 3-4级
2019年3月23日,晴,15,4,东北风 1-2级
2019年3月22日,阴,12,6,东北风 3-4级
2019年3月21日,中到大雨,19,10,东北风 4-5级
2019年3月20日,多云,29,17,西南风 4-5级
2019年3月19日,多云,22,13,东北风 4-5级
2019年3月18日,小雨,18,11,东北风 4-5级
2019年3月17日,阴,21,13,东北风 3-4级
2019年3月16日,多云,20,9,东北风 3-4级
2019年3月15日,多云,21,7,西南风 4-5级
2019年3月14日,小雨,13,7,东北风 1-2级
2019年3月13日,多云,18,8,东北风 4-5级
2019年3月12日,晴,21,6,西南风 4-5级
2019年3月11日,多云,20,7,西南风 4-5级
2019年3月10日,多云,16,7,西南风 3-4级
2019年3月9日,小雨,15,7,西南风 1-2级
2019年3月8日,多云,12,7,东北风 3-4级
2019年3月7日,多云,12,4,东北风 1-2级
2019年3月6日,阴,14,5,西南风 1-2级
2019年3月5日,中雨,10,8,东北风 4-5级
2019年3月4日,阴,10,2,东风 1-2级
2019年3月3日,阴,10,4,无持续风向 1-2级
2019年3月2日,中雨,9,6,东北风 4-5级
2019年3月1日,小雨,10,8,东北风 4-5级
,,,,
2019年2月28日,阴,10,6,无持续风向 1-2级
2019年2月27日,小到中雨,9,6,无持续风向 1-2级
2019年2月26日,小雨,12,7,东北风 4-5级
2019年2月25日,阴,11,5,无持续风向 1-2级
2019年2月24日,多云,12,5,东北风 1-2级
2019年2月23日,小雨,8,3,无持续风向 1-2级
2019年2月22日,阴,7,3,无持续风向 1-2级
2019年2月21日,中雨,6,5,东北风 3-4级
2019年2月20日,小雨,7,5,东北风 3-4级
2019年2月19日,阴,12,6,无持续风向 1-2级
2019年2月18日,小到中雨,8,5,东北风 1-2级
2019年2月17日,小雨,6,3,东北风 1-2级
2019年2月16日,小雨,4,2,东北风 1-2级
2019年2月15日,小雨,7,4,无持续风向 1-2级
2019年2月14日,小雨,7,5,东北风 4-5级
2019年2月13日,小雨,7,4,东北风 4-5级
2019年2月12日,小雨,8,2,无持续风向 1-2级
2019年2月11日,多云,5,2,东北风 3-4级
2019年2月10日,小雨,3,1,无持续风向 1-2级
2019年2月9日,雨夹雪,4,2,无持续风向 1-2级
2019年2月8日,小雨,5,2,东北风 3-4级
2019年2月7日,小雨,11,3,东北风 1-2级
2019年2月6日,阴,18,8,东北风 3-4级
2019年2月5日,阴,11,7,西南风 1-2级
2019年2月4日,多云,10,5,东北风 3-4级
2019年2月3日,小雨,12,5,无持续风向 1-2级
2019年2月2日,晴,17,5,无持续风向 1-2级
2019年2月1日,多云,8,3,东北风 1-2级
,,,,
2019年1月31日,小雨,7,1,西南风 1-2级
2019年1月30日,多云,17,5,无持续风向 1-2级
2019年1月29日,阴,10,5,东北风 1-2级
2019年1月28日,阴,11,4,无持续风向 1-2级
2019年1月27日,晴,11,1,无持续风向 1-2级
2019年1月26日,多云,5,0,无持续风向 1-2级
2019年1月25日,多云,11,2,无持续风向 1-2级
2019年1月24日,晴,13,1,东北风 1-2级
2019年1月23日,晴,12,2,无持续风向 1-2级
2019年1月22日,晴,12,0,西南风 3-4级
2019年1月21日,多云,8,0,东北风 1-2级
2019年1月20日,晴,9,1,无持续风向 1-2级
2019年1月19日,多云,12,5,无持续风向 1-2级
2019年1月18日,晴,12,1,东北风 1-2级
2019年1月17日,晴,8,1,西南风 1-2级
2019年1月16日,多云,4,1,无持续风向 1-2级
2019年1月15日,小雨,6,1,北风 3-4级
2019年1月14日,小雨,8,5,无持续风向 1-2级
2019年1月13日,多云,8,2,北风 1-2级
2019年1月12日,阴,8,1,北风 3-4级
2019年1月11日,小雨,7,5,无持续风向 1-2级
2019年1月10日,小雨,7,5,无持续风向 1-2级
2019年1月9日,小雨,5,3,东北风 1-2级
2019年1月8日,阴,7,5,北风 3-4级
2019年1月7日,小雨,7,6,东北风 1-2级
2019年1月6日,多云,8,3,北风 1-2级
2019年1月5日,小雨,7,5,西北风 3-4级
2019年1月4日,中雨,7,4,北风 1-2级
2019年1月3日,阴,8,2,无持续风向 1-2级
2019年1月2日,阴,4,1,无持续风向 1-2级
2019年1月1日,阴,4,2,北风 1-2级
,,,,
2018年12月31日,雨夹雪,4,0,北风 3-4级
2018年12月30日,小雪,2,0,北风 3-4级
2018年12月29日,多云,4,-1,北风 3-4级
2018年12月28日,多云,5,-1,北风 4-5级
2018年12月27日,阴,7,2,北风 1-2级
2018年12月26日,小雨,10,5,北风 4-5级
2018年12月25日,阴,12,9,东风 1-2级
2018年12月24日,多云,11,6,东北风 3-4级
2018年12月23日,阴,11,5,北风 4-5级
2018年12月22日,小雨,13,8,东北风 3-4级
2018年12月21日,阴,14,10,东北风 1-2级
2018年12月20日,阴,13,7,东北风 1-2级
2018年12月19日,多云,15,7,西南风 1-2级
2018年12月18日,晴,17,5,南风 1-2级
2018年12月17日,晴,15,4,西南风 1-2级
2018年12月16日,多云,12,2,西北风 3-4级
2018年12月15日,小雨,8,5,东风 1-2级
2018年12月14日,多云,10,2,东北风 1-2级
2018年12月13日,阴,8,2,东北风 1-2级
2018年12月12日,多云,8,2,北风 4-5级
2018年12月11日,小雨,8,1,北风 3-4级
2018年12月10日,阵雨,6,2,东北风 1-2级
2018年12月9日,中雪,2,0,北风 1-2级
2018年12月8日,中雪,3,1,北风 4-5级
2018年12月7日,小雨,5,1,北风 4-5级
2018年12月6日,中雨,11,5,北风 4-5级
2018年12月5日,小雨,12,9,东北风 3-4级
2018年12月4日,中雨,14,10,北风 4-5级
2018年12月3日,阵雨,18,14,西南风 1-2级
2018年12月2日,阵雨,18,14,南风 1-2级
2018年12月1日,多云,20,12,东南风 1-2级
,,,,
2018年11月30日,多云,20,11,东南风 1-2级
2018年11月29日,多云,19,10,东南风 1-2级
2018年11月28日,多云,18,9,北风 1-2级
2018年11月27日,多云,18,10,北风 1-2级
2018年11月26日,阴,18,10,北风 1-2级
2018年11月25日,阴,18,11,东风 1-2级
2018年11月24日,多云,20,10,北风 1-2级
2018年11月23日,晴,17,8,东南风 1-2级
2018年11月22日,晴,14,6,北风 1-2级
2018年11月21日,阴,16,9,北风 3-4级
2018年11月20日,多云,16,10,东风 1-2级
2018年11月19日,阴,14,8,北风 1-2级
2018年11月18日,中雨,13,9,东北风 1-2级
2018年11月17日,小雨,14,11,东北风 1-2级
2018年11月16日,阴,16,13,北风 4-5级
2018年11月15日,小雨,18,14,东风 1-2级
2018年11月14日,阴,17,12,东风 1-2级
2018年11月13日,多云,17,10,东北风 1-2级
2018年11月12日,小雨,17,12,北风 1-2级
2018年11月11日,小雨,19,14,北风 3-4级
2018年11月10日,多云,20,13,东风 1-2级
2018年11月9日,晴,18,9,东风 1-2级
2018年11月8日,小雨,15,9,北风 3-4级
2018年11月7日,小雨,20,14,北风 1-2级
2018年11月6日,阵雨,21,17,东北风 1-2级
2018年11月5日,小雨,21,17,东风 1-2级
2018年11月4日,阴,22,16,东风 1-2级
2018年11月3日,小雨,18,14,东风 1-2级
2018年11月2日,多云,20,14,东北风 1-2级
2018年11月1日,多云,20,11,东北风 3-4级
,,,,
2018年10月31日,多云,22,12,东北风 1-2级
2018年10月30日,多云,24,13,东风 1-2级
2018年10月29日,晴,26,13,西风 1-2级
2018年10月28日,晴,24,11,西风 1-2级
2018年10月27日,晴,21,10,北风 3-4级
2018年10月26日,多云,23,10,西北风 3-4级
2018年10月25日,小雨,23,16,东南风 1-2级
2018年10月24日,多云,23,15,东风 1-2级
2018年10月23日,阴,22,15,东北风 1-2级
2018年10月22日,小雨,21,16,北风 1-2级
2018年10月21日,小雨,20,15,东风 1-2级
2018年10月20日,阴,20,14,东风 1-2级
2018年10月19日,多云,20,12,东北风 1-2级
2018年10月18日,多云,21,11,东北风 3-4级
2018年10月17日,多云,22,13,东北风 1-2级
2018年10月16日,阴,22,13,北风 3-4级
2018年10月15日,小雨,20,15,东北风 1-2级
2018年10月14日,小雨,22,16,东北风 1-2级
2018年10月13日,多云,23,14,东北风 1-2级
2018年10月12日,多云,21,13,东北风 3-4级
2018年10月11日,多云,21,12,北风 3-4级
2018年10月10日,多云,20,13,北风 1-2级
2018年10月9日,小雨,25,16,北风 1-2级
2018年10月8日,多云,26,18,东风 3-4级
2018年10月7日,晴,27,17,东北风 3-4级
2018年10月6日,晴,27,16,西北风 1-2级
2018年10月5日,阴,24,17,北风 5-6级
2018年10月4日,多云,26,18,东北风 4-5级
2018年10月3日,多云,25,16,东北风 1-2级
2018年10月2日,多云,26,16,北风 1-2级
2018年10月1日,晴,26,15,北风 1-2级
,,,,
2018年9月30日,晴,28,17,西北风 3-4级
2018年9月29日,多云,27,18,北风 3-4级
2018年9月28日,多云,27,19,北风 1-2级
2018年9月27日,阵雨,25,19,东北风 3-4级
2018年9月26日,多云,26,20,东北风 3-4级
2018年9月25日,多云,27,20,东北风 3-4级
2018年9月24日,多云,28,19,东北风 3-4级
2018年9月23日,阴,28,20,东北风 1-2级
2018年9月22日,阵雨,26,22,北风 1-2级
2018年9月21日,阵雨,27,22,北风 3-4级
2018年9月20日,雷阵雨,32,24,西风 1-2级
2018年9月19日,雷阵雨,34,25,南风 1-2级
2018年9月18日,多云,32,24,东北风 1-2级
2018年9月17日,阵雨,31,25,东风 1-2级
2018年9月16日,阵雨,31,25,东风 4-5级
2018年9月15日,多云,33,24,东北风 1-2级
2018年9月14日,多云,31,24,东北风 1-2级
2018年9月13日,多云,30,23,东北风 3-4级
2018年9月12日,多云,28,22,东北风 3-4级
2018年9月11日,阵雨,26,21,东风 1-2级
2018年9月10日,多云,28,21,东北风 1-2级
2018年9月9日,多云,28,20,东北风 1-2级
2018年9月8日,小雨,25,19,东北风 3-4级
2018年9月7日,阵雨,26,21,北风 4-5级
2018年9月6日,多云,35,24,东北风 1-2级
2018年9月5日,多云,33,23,东风 1-2级
2018年9月4日,多云,33,22,北风 3-4级
2018年9月3日,雷阵雨,34,25,西南风 1-2级
2018年9月2日,多云,34,26,西南风 1-2级
2018年9月1日,多云,34,26,西南风 1-2级
,,,,
2018年8月31日,阵雨,33,26,西南风 1-2级
2018年8月30日,多云,35,26,东南风 3-4级
2018年8月29日,多云,34,26,东南风 3-4级
2018年8月28日,多云,34,26,东南风 3-4级
2018年8月27日,多云,33,26,东风 3-4级
2018年8月26日,中雨,29,25,东北风 3-4级
2018年8月25日,中雨,27,23,东风 4～5级
2018年8月24日,多云,33,25,东北风 3-4级
2018年8月23日,多云,33,25,北风 1-2级
2018年8月22日,多云,33,25,北风 1-2级
2018年8月21日,阵雨,33,26,北风 3-4级
2018年8月20日,雷阵雨,35,27,南风 <3级
2018年8月19日,多云,36,26,东南风 3-4级
2018年8月18日,多云,34,26,东南风 3～4级
2018年8月17日,大雨,30,24,东南风 5-6级
2018年8月16日,中雨,31,25,北风 4-5级
2018年8月15日,多云,34,27,东北风 3～4级
2018年8月14日,多云,35,26,东风 3-4级
2018年8月13日,阵雨,33,25,东北风 5-6级
2018年8月12日,大雨,32,26,东北风 4～5级
2018年8月11日,多云,35,25,东风 1-2级
2018年8月10日,晴,36,27,东风 <3级
2018年8月9日,晴,36,27,东风 <3级
2018年8月8日,晴,37,27,东风 1-2级
2018年8月7日,晴,37,27,东风 1-2级
2018年8月6日,晴,37,27,东南风 <3级
2018年8月5日,晴,36,27,东南风 1-2级
2018年8月4日,多云,36,27,南风 1-2级
2018年8月3日,大雨,30,26,北风 4～5级
2018年8月2日,雷阵雨,33,25,北风 3-4级
2018年8月1日,阵雨,34,26,东北风 <3级
,,,,
2018年7月31日,雷阵雨,36,26,北风 <3级
2018年7月30日,多云,36,27,北风 1-2级
2018年7月29日,晴,38,27,东北风 <3级
2018年7月28日,晴,37,27,东风 1-2级
2018年7月27日,多云,37,28,东风 1-2级
2018年7月26日,雷阵雨,38,28,南风 <3级
2018年7月25日,多云,36,27,南风 1-2级
2018年7月24日,雷阵雨,35,27,南风 1-2级
2018年7月23日,多云,36,26,西南风 <3级
2018年7月22日,中雨,31,26,北风 5-6级
2018年7月21日,阵雨,33,27,东北风 4-5级
2018年7月20日,多云,36,26,东风 3～4级
2018年7月19日,晴,36,27,东南风 1-2级
2018年7月18日,晴,36,26,东南风 <3级
2018年7月17日,多云,36,27,东南风 3-4级
2018年7月16日,晴,36,28,东南风 3～4级
2018年7月15日,晴,36,27,东南风 <3级
2018年7月14日,晴,36,27,东南风 3-4级
2018年7月13日,多云,35,27,东南风 3-4级
2018年7月12日,多云,36,26,东南风 3～4级
2018年7月11日,阵雨,33,26,东风 5～6级
2018年7月10日,晴,36,26,东南风 <3级
2018年7月9日,多云,36,27,南风 <3级
2018年7月8日,多云,34,27,南风 1-2级
2018年7月7日,阵雨,33,26,东风 3-4级
2018年7月6日,雷阵雨,30,25,东南风 <3级
2018年7月5日,雷阵雨,33,27,西南风 1-2级
2018年7月4日,雷阵雨,34,26,西南风 <3级
2018年7月3日,雷阵雨,30,25,南风 1-2级
2018年7月2日,雷阵雨,33,25,东风 <3级
2018年7月1日,雷阵雨,32,24,东南风 1-2级
,,,,
2018年6月30日,阵雨,31,24,南风 <3级
2018年6月29日,雷阵雨,32,26,东南风 3～4级
2018年6月28日,多云,36,26,西南风 3～4级
2018年6月27日,多云,37,28,西南风 1-2级
2018年6月26日,多云,37,27,西南风 3-4级
2018年6月25日,多云,35,25,南风 1-2级
2018年6月24日,阴,29,23,东风 1-2级
2018年6月23日,阵雨,26,21,东风 <3级
2018年6月22日,大雨-暴雨,24,21,东风 <3级
2018年6月21日,阴,30,21,东风 3～4级
2018年6月20日,大雨-暴雨,29,22,东北风 3～4级
2018年6月19日,阴,34,24,北风 1-2级
2018年6月18日,多云,34,24,东南风 3～4级
2018年6月17日,多云,32,22,东南风 3～4级
2018年6月16日,多云,32,22,东风 3-4级
2018年6月15日,多云,32,22,东风 <3级
2018年6月14日,多云,32,22,东风 <3级
2018年6月13日,多云,34,20,东南风 <3级
2018年6月12日,多云,34,22,南风 <3级
2018年6月11日,晴,32,21,西风 3-4级
2018年6月10日,阵雨,25,19,北风 3-4级
2018年6月9日,阵雨,28,22,东风 1-2级
2018年6月8日,阵雨,27,22,东风 1-2级
2018年6月7日,多云,31,23,东风 1-2级
2018年6月6日,阴,28,20,东风 3-4级
2018年6月5日,阵雨,24,19,南风 3-4级
2018年6月4日,多云,28,20,南风 1-2级
2018年6月3日,多云,28,19,东风 <3级
2018年6月2日,多云,27,18,东北风 <3级
2018年6月1日,晴,28,18,东北风 <3级
,,,,
2018年5月31日,阵雨,22,17,东北风 3-4级
2018年5月30日,阵雨,27,18,东风 <3级
2018年5月29日,阵雨,28,22,东南风 <3级
2018年5月28日,多云,30,22,东南风 <3级
2018年5月27日,毛毛雨/细雨,26,20,东北风 1-2级
2018年5月26日,阵雨,27,21,北风 3-4级
2018年5月25日,多云,32,23,南风 1-2级
2018年5月24日,多云,28,21,东风 1-2级
2018年5月23日,多云,29,20,西北风 3～4级
2018年5月22日,多云,28,23,北风 <3级
2018年5月21日,多云,26,20,东北风 <3级
2018年5月20日,中雨,25,21,东北风 <3级
2018年5月19日,雷阵雨,28,22,东北风 <3级
2018年5月18日,雷阵雨,35,22,北风 <3级
2018年5月17日,多云,36,25,西南风 3～4级
2018年5月16日,多云,37,26,南风 3～4级
2018年5月15日,多云,36,26,南风 3～4级
2018年5月14日,多云,33,24,南风 3～4级
2018年5月13日,阵雨,29,21,北风 <3级
2018年5月12日,雷阵雨,30,22,南风 <3级
2018年5月11日,多云,28,20,东南风 3～4级
2018年5月10日,晴,27,16,东风 3～4级
2018年5月9日,晴,26,14,东北风 3～4级
2018年5月8日,阴,25,13,北风 <3级
2018年5月7日,阵雨,27,17,北风 3～4级
2018年5月6日,阵雨,29,19,南风 3～4级
2018年5月5日,阵雨,26,18,南风 <3级
2018年5月4日,多云,29,18,东南风 <3级
2018年5月3日,多云,26,15,北风 <3级
2018年5月2日,阴,27,16,北风 3～4级
2018年5月1日,阵雨,30,22,西南风 3～4级
,,,,
2018年4月30日,阴,29,21,南风 <3级
2018年4月29日,阵雨,28,20,南风 <3级
2018年4月28日,多云,28,18,东南风 <3级
2018年4月27日,多云,28,16,东北风 <3级
2018年4月26日,多云,24,16,东风 <3级
2018年4月25日,晴,24,13,北风 3～4级
2018年4月24日,阴,19,12,北风 4～5级
2018年4月23日,大雨,22,15,北风 3～4级
2018年4月22日,阵雨,30,21,南风 3～4级
2018年4月21日,阵雨,28,20,东南风 3～4级
2018年4月20日,晴,31,18,东南风 3～4级
2018年4月19日,晴,30,16,东南风 3～4级
2018年4月18日,晴,28,14,东南风 <3级
2018年4月17日,多云,21,10,东风 <3级
2018年4月16日,阴,18,10,东风 <3级
2018年4月15日,多云,19,9,北风 <3级
2018年4月14日,阵雨,18,12,北风 3～4级
2018年4月13日,阵雨,21,15,东风 3～4级
2018年4月12日,阵雨,24,16,东风 3～4级
2018年4月11日,阵雨,28,17,东北风 3～4级
2018年4月10日,晴,32,18,南风 3～4级
2018年4月9日,晴,28,14,南风 <3级
2018年4月8日,晴,23,11,西南风 3～4级
2018年4月7日,晴,17,6,北风 3～4级
2018年4月6日,多云,16,7,西北风 4～5级
2018年4月5日,中雨,15,9,北风 3～4级
2018年4月4日,阴,22,15,北风 3～4级
2018年4月3日,阵雨,27,18,南风 <3级
2018年4月2日,阵雨,28,18,南风 3～4级
2018年4月1日,多云,29,17,南风 3～4级
,,,,
2018年3月31日,多云,26,16,东南风 <3级
2018年3月30日,多云,24,14,东风 3～4级
2018年3月29日,多云,28,15,东风 3～4级
2018年3月28日,晴,28,14,东南风 <3级
2018年3月27日,多云,25,12,南风 <3级
2018年3月26日,阵雨,20,12,南风 <3级
2018年3月25日,阴,22,14,南风 <3级
2018年3月24日,多云,24,12,南风 <3级
2018年3月23日,多云,22,10,东南风 <3级
2018年3月22日,晴,19,7,西北风 <3级
2018年3月21日,阴,10,4,西北风 4～5级
2018年3月20日,小雨,10,6,北风 4～5级
2018年3月19日,小雨,11,8,北风 3～4级
2018年3月18日,小雨,16,9,南风 <3级
2018年3月17日,多云,16,10,东风 <3级
2018年3月16日,小雨,11,6,东北风 4～5级
2018年3月15日,阵雨,22,9,西南风 <3级
2018年3月14日,小雨,25,15,东南风 3～4级
2018年3月13日,多云,26,14,南风 <3级
2018年3月12日,多云,24,12,南风 <3级
2018年3月11日,多云,22,9,东南风 3～4级
2018年3月10日,晴,17,5,东南风 <3级
2018年3月9日,晴,12,1,北风 <3级
2018年3月8日,阴,11,3,北风 4～5级
2018年3月7日,小雨-中雨,10,6,东北风 <3级
2018年3月6日,多云,11,8,东风 <3级
2018年3月5日,小雨,10,7,北风 <3级
2018年3月4日,多云,28,10,南风 3～4级
2018年3月3日,阴,23,10,南风 <3级
2018年3月2日,阵雨,12,8,东风 4～5级
2018年3月1日,晴,18,8,东北风 3～4级
,,,,
2018年2月28日,小雨,18,6,西北风 4～5级
2018年2月27日,多云,18,8,东南风 3～4级
2018年2月26日,晴,16,5,东南风 <3级
2018年2月25日,阴,10,4,北风 <3级
2018年2月24日,中雨,11,6,北风 <3级
2018年2月23日,晴,16,4,南风 <3级
2018年2月22日,多云,16,2,西南风 <3级
2018年2月21日,小雨,7,4,东北风 3～4级
2018年2月20日,中雨,8,4,东北风 <3级
2018年2月19日,小雨,9,7,北风 <3级
2018年2月18日,阵雨,14,7,东风 3～4级
2018年2月17日,多云,12,3,东风 3～4级
2018年2月16日,多云,12,4,东风 <3级
2018年2月15日,小雨,11,8,东北风 3～4级
2018年2月14日,晴,21,8,南风 <3级
2018年2月13日,晴,14,2,东南风 <3级
2018年2月12日,晴,12,0,西北风 4～5级
2018年2月11日,晴,9,-1,西北风 3～4级
2018年2月10日,小雨,6,0,北风 3～4级
2018年2月9日,多云,10,2,南风 <3级
2018年2月8日,晴,8,0,东北风 <3级
2018年2月7日,多云,9,-1,南风 <3级
2018年2月6日,晴,7,-2,北风 <3级
2018年2月5日,晴,6,-2,北风 <3级
2018年2月4日,晴,4,-3,北风 3～4级
2018年2月3日,多云,4,-2,北风 3～4级
2018年2月2日,多云,6,-1,北风 4～5级
2018年2月1日,多云,4,-2,西北风 <3级
,,,,
2018年1月31日,小雪,3,-3,北风 3～4级
2018年1月30日,多云,3,-2,北风 <3级
2018年1月29日,多云,2,-5,北风 <3级
2018年1月28日,小雪,2,-3,北风 4～5级
2018年1月27日,雨夹雪,1,0,东北风 4～5级
2018年1月26日,小雪,2,-1,东北风 3～4级
2018年1月25日,中雪-大雪,2,-1,东北风 3～4级
2018年1月24日,小雨,4,0,东北风 3～4级
2018年1月23日,小雨,9,2,东北风 <3级
2018年1月22日,多云,12,4,北风 3～4级
2018年1月21日,中雨,8,5,东北风 <3级
2018年1月20日,小雨,10,6,东北风 <3级
2018年1月19日,多云,11,6,东北风 <3级
2018年1月18日,多云,14,7,东北风 <3级
2018年1月17日,多云,14,4,东北风 <3级
2018年1月16日,阴,16,7,北风 <3级
2018年1月15日,多云,14,7,东南风 <3级
2018年1月14日,晴,13,3,东南风 <3级
2018年1月13日,晴,8,-1,东南风 <3级
2018年1月12日,晴,8,-2,东北风 <3级
2018年1月11日,晴,9,-2,北风 <3级
2018年1月10日,晴,10,-2,西风 3～4级
2018年1月9日,晴,8,-2,西北风 4～5级
2018年1月8日,阴,4,-2,西北风 4～5级
2018年1月7日,小雨,8,2,西北风 <3级
2018年1月6日,小雨,7,4,东风 <3级
2018年1月5日,小雨,6,2,北风 3～4级
2018年1月4日,中雨,6,3,东北风 3～4级
2018年1月3日,中雨,10,5,东北风 3～4级
2018年1月2日,阴,11,7,东风 <3级
2018年1月1日,多云,12,5,东风 <3级
2018年1月1日,多云,12,5,东风 <3级
,,,,
2017年12月31日,晴,12,2,北风 <3级
2017年12月30日,小雨,12,4,西北风 4～5级
2017年12月29日,阴,14,8,东风 <3级
2017年12月28日,小雨,10,7,东南风 <3级
2017年12月27日,多云,14,6,东南风 <3级
2017年12月26日,晴,14,3,东北风 <3级
2017年12月25日,晴,11,3,东北风 <3级
2017年12月24日,多云,14,1,北风 4～5级
2017年12月23日,多云,15,7,南风 3～4级
2017年12月22日,晴,16,4,东南风 <3级
2017年12月21日,晴,12,1,东南风 <3级
2017年12月20日,晴,12,0,西北风 <3级
2017年12月19日,晴,10,0,北风 3～4级
2017年12月18日,晴,8,0,北风 <3级
2017年12月17日,晴,6,-1,北风 3～4级
2017年12月16日,阴,6,-2,北风 4～5级
2017年12月15日,小雨,8,3,东北风 <3级
2017年12月14日,小雨,8,6,东北风 <3级
2017年12月13日,阴,10,6,东北风 3～4级
2017年12月12日,多云,12,4,东风 3～4级
2017年12月11日,晴,12,3,东北风 3～4级
2017年12月10日,晴,14,2,北风 <3级
2017年12月9日,晴,11,3,南风 <3级
2017年12月8日,晴,9,2,北风 3～4级
2017年12月7日,多云,14,4,北风 3～4级
2017年12月6日,晴,12,4,东风 <3级
2017年12月5日,晴,11,4,北风 <3级
2017年12月4日,多云,14,4,北风 3～4级
2017年12月3日,阴,16,7,东风 <3级
2017年12月2日,多云,14,6,东南风 <3级
2017年12月1日,阴,12,6,东北风 <3级
,,,,
2017年11月30日,阴,14,8,北风 3～4级
2017年11月29日,中雨,14,10,东北风 3～4级
2017年11月28日,多云,20,11,北风 <3级
2017年11月27日,多云,18,9,东北风 <3级
2017年11月26日,多云,18,8,北风 <3级
2017年11月25日,多云,16,8,南风 <3级
2017年11月24日,多云,16,6,西北风 <3级
2017年11月23日,晴,12,4,西北风 <3级
2017年11月22日,多云,15,6,北风 3～4级
2017年11月21日,小雨,11,9,东风 <3级
2017年11月20日,阴,12,6,东北风 <3级
2017年11月19日,多云,12,6,东北风 <3级
2017年11月18日,阴,12,6,北风 6～7级
2017年11月17日,小雨,18,9,北风 4～5级
2017年11月16日,小雨,18,15,东南风 <3级
2017年11月15日,阴,17,14,东风 <3级
2017年11月14日,阴,18,14,东北风 <3级
2017年11月13日,小雨,20,14,东北风 <3级
2017年11月12日,多云,21,13,东风 ≤3级
2017年11月11日,多云,18,12,东北风 3-4级
2017年11月10日,小雨,21,12,北风 3-4级
2017年11月9日,晴,22,14,东风 3-4级
2017年11月8日,多云,22,12,北风 ≤3级
2017年11月7日,阴,23,14,东南风 ≤3级
2017年11月6日,多云,21,14,东南风 ≤3级
2017年11月5日,多云,18,11,东风 ≤3级
2017年11月4日,多云,17,8,北风 3-4级
2017年11月3日,阴,22,9,北风 4-5级
2017年11月2日,多云,24,12,南风 ≤3级
2017年11月1日,晴,22,12,南风 ≤3级
,,,,
2017年10月31日,晴,20,10,东北风 ≤3级
2017年10月30日,多云,18,10,北风 3-4级
2017年10月29日,多云,22,10,北风 4-5级
2017年10月28日,多云,22,13,北风 3-4级
2017年10月27日,晴,24,14,东北风 ≤3级
2017年10月26日,多云,24,14,东北风 ≤3级
2017年10月25日,多云,22,12,东北风 ≤3级
2017年10月24日,晴,21,10,北风 3-4级
2017年10月23日,多云,21,12,北风 3-4级
2017年10月22日,多云,23,13,北风 3-4级
2017年10月21日,多云,22,14,北风 4-5级
2017年10月20日,阴,22,14,东北风 4-5级
2017年10月19日,多云,21,16,北风 3-4级
2017年10月18日,多云,22,16,北风 3-4级
2017年10月17日,小雨,20,16,北风 4-5级
2017年10月16日,阵雨,18,16,北风 4-5级
2017年10月15日,中雨,20,16,北风 4-5级
2017年10月14日,阵雨,20,16,东北风 4-5级
2017年10月13日,阴,20,17,东北风 3-4级
2017年10月12日,小雨,19,16,北风 3-4级
2017年10月11日,小雨,22,18,北风 4-5级
2017年10月10日,多云,32,21,东南风 ≤3级
2017年10月9日,多云,30,21,东南风 3-4级
2017年10月8日,晴,29,20,东风 ≤3级
2017年10月7日,多云,26,19,东风 ≤3级
2017年10月6日,阴,25,18,北风 ≤3级
2017年10月5日,阴,24,18,东北风 ≤3级
2017年10月4日,阴,22,18,东北风 3-4级
2017年10月3日,阴,24,19,东北风 3-4级
2017年10月2日,阵雨,29,21,北风 ≤3级
2017年10月1日,多云,33,23,西南风 ≤3级
,,,,
2017年9月30日,阵雨,26,22,东风 3-4级
2017年9月29日,多云,24,20,东风 ≤3级
2017年9月28日,阵雨,22,16,北风 ≤3级
2017年9月27日,雷阵雨,29,21,西北风 ≤3级
2017年9月26日,多云,32,24,西南风 ≤3级
2017年9月25日,多云,31,24,南风 ≤3级
2017年9月24日,阵雨,27,22,东风 ≤3级
2017年9月23日,中雨,24,21,东北风 3-4级
2017年9月22日,阵雨,26,20,东风 ≤3级
2017年9月21日,阵雨,24,20,东北风 ≤3级
2017年9月20日,中雨,24,21,北风 ≤3级
2017年9月19日,多云,31,21,东风 ≤3级
2017年9月18日,晴,32,21,东风 ≤3级
2017年9月17日,晴,30,19,西北风 ≤3级
2017年9月16日,多云,28,20,北风 4-5级
2017年9月15日,阵雨,26,20,北风 5-6级
2017年9月14日,阵雨,28,22,北风 3-4级
2017年9月13日,多云,30,21,东北风 ≤3级
2017年9月12日,阴,28,22,东北风 3-4级
2017年9月11日,阵雨,28,22,西北风 3-4级
2017年9月10日,雷阵雨,34,25,南风 ≤3级
2017年9月9日,阵雨,30,26,东风 3-4级
2017年9月8日,阴,29,24,东风 ≤3级
2017年9月7日,阵雨,28,24,北风 ≤3级
2017年9月6日,雷阵雨,32,25,东北风 ≤3级
2017年9月5日,多云,35,26,东北风 ≤3级
2017年9月4日,多云,33,25,东风 3-4级
2017年9月3日,阴,30,24,东北风 3-4级
2017年9月2日,多云,32,24,东北风 ≤3级
2017年9月1日,多云,30,22,东北风 ≤3级
,,,,
2017年8月31日,多云,30,24,东北风 ≤3级
2017年8月30日,多云,32,25,东北风 3-4级
2017年8月29日,雷阵雨,34,26,东北风 ≤3级
2017年8月28日,晴,38,27,东风 ≤3级
2017年8月27日,多云,36,26,东南风 ≤3级
2017年8月26日,阵雨,32,26,东北风 3-4级
2017年8月25日,雷阵雨,36,26,东北风 ≤3级
2017年8月24日,晴,38,28,西南风 ≤3级
2017年8月23日,多云,37,27,东南风 3-4级
2017年8月22日,雷阵雨,35,27,东南风 4-5级
2017年8月21日,雷阵雨,34,26,东风 ≤3级
2017年8月20日,雷阵雨,33,26,西风 ≤3级
2017年8月19日,多云,36,27,西南风 ≤3级
2017年8月18日,阵雨,36,26,西南风 ≤3级
2017年8月17日,多云,36,26,西南风 ≤3级
2017年8月16日,雷阵雨,34,26,西南风 ≤3级
2017年8月15日,雷阵雨,32,26,西风 ≤3级
2017年8月14日,雷阵雨,35,26,西南风 ≤3级
2017年8月13日,多云,36,27,西南风 ≤3级
2017年8月12日,雷阵雨,34,27,西南风 <3级
2017年8月11日,多云,36,27,东南风 ≤3级
2017年8月10日,多云,34,26,西风 ≤3级
2017年8月9日,中雨,32,27,西风 3-4级
2017年8月8日,雷阵雨,38,28,西南风 ≤3级
2017年8月7日,多云,38,29,西南风 ≤3级
2017年8月6日,阵雨,35,28,西南风 ≤3级
2017年8月5日,雷阵雨,36,28,西南风 ≤3级
2017年8月4日,晴,38,28,西南风 ≤3级
2017年8月3日,多云,37,28,南风 ≤3级
2017年8月2日,多云,35,27,东南风 3-4级
2017年8月1日,阵雨,34,27,东风 4-5级
,,,,
2017年7月31日,阵雨,36,29,东风 3-4级
2017年7月30日,阵雨,34,28,东南风 4-5级
2017年7月29日,多云,37,28,东风 ≤3级
2017年7月28日,晴,39,28,东风 ≤3级
2017年7月27日,晴,40,29,东风 ≤3级
2017年7月26日,晴,40,29,东风 3-4级
2017年7月25日,晴,41,29,东北风 ≤3级
2017年7月24日,晴,41,29,南风 ≤3级
2017年7月23日,晴,40,28,南风 ≤3级
2017年7月22日,晴,40,29,西南风 ≤3级
2017年7月21日,晴,38,29,西南风 ≤3级
2017年7月20日,晴,38,29,南风 ≤3级
2017年7月19日,多云,38,29,西南风 ≤3级
2017年7月18日,多云,38,28,南风 ≤3级
2017年7月17日,晴,38,28,南风 ≤3级
2017年7月16日,晴,38,28,南风 3-4级
2017年7月15日,晴,38,27,南风 ≤3级
2017年7月14日,雷阵雨,36,28,西南风 ≤3级
2017年7月13日,多云,37,28,西南风 ≤3级
2017年7月12日,多云,36,27,西南风 ≤3级
2017年7月11日,雷阵雨,32,26,西南风 ≤3级
2017年7月10日,雷阵雨,34,28,西南风 3～4级
2017年7月9日,雷阵雨,33,26,南风 3-4级
2017年7月8日,多云,35,26,南风 3-4级
2017年7月7日,雷阵雨,36,27,南风 3-4级
2017年7月6日,雷阵雨,35,26,南风 ≤3级
2017年7月5日,雷阵雨,33,25,南风 ≤3级
2017年7月4日,雷阵雨,33,25,南风 ≤3级
2017年7月3日,雷阵雨,32,25,南风 ≤3级
2017年7月2日,多云,34,26,南风 ≤3级
2017年7月1日,雷阵雨,34,25,南风 ≤3级
,,,,
2017年6月30日,多云,32,25,南风 ≤3级
2017年6月29日,阵雨,28,24,南风 ≤3级
2017年6月28日,阵雨,25,22,南风 ≤3级
2017年6月27日,阵雨,28,22,南风 ≤3级
2017年6月26日,阵雨,28,21,西南风 3-4级
2017年6月25日,大雨,26,21,西南风 ≤3级
2017年6月24日,暴雨,26,23,西南风 ≤3级
2017年6月23日,中雨,28,22,东南风 ≤3级
2017年6月22日,阵雨,29,22,东南风 ≤3级
2017年6月21日,阵雨,27,23,东风 3-4级
2017年6月20日,阵雨,28,23,东风 ≤3级
2017年6月19日,阵雨,28,22,东南风 ≤3级
2017年6月18日,多云,30,22,东南风 ≤3级
2017年6月17日,多云,28,20,东风 ≤3级
2017年6月16日,多云,29,19,东南风 3-4级
2017年6月15日,多云,29,19,东风 ≤3级
2017年6月14日,阴,26,19,东北风 ≤3级
2017年6月13日,中到大雨,22,20,东风 ≤3级
2017年6月12日,中雨,23,19,东风 4-5级
2017年6月11日,中雨,25,21,东北风 4-5级
2017年6月10日,雷阵雨,30,23,南风 4-5级
2017年6月9日,阵雨,28,23,南风 3-4级
2017年6月8日,多云,32,22,东南风 ≤3级
2017年6月7日,多云,30,21,西北风 4-5级
2017年6月6日,阵雨,28,20,西风 ≤3级
2017年6月5日,中雨,24,21,东风 3-4级
2017年6月4日,多云,29,20,东风 3-4级
2017年6月3日,多云,31,20,东风 ≤3级
2017年6月2日,多云,30,21,东北风 3-4级
2017年6月1日,阵雨,28,22,东风 ≤3级
,,,,
2017年5月31日,阵雨,32,24,西南风 ≤3级
2017年5月30日,多云,34,22,东南风 ≤3级
2017年5月29日,晴,32,21,东南风 ≤3级
2017年5月28日,晴,32,19,东风 ≤3级
2017年5月27日,晴,32,18,南风 ≤3级
2017年5月26日,晴,31,16,东北风 ≤3级
2017年5月25日,晴,28,17,北风 ≤3级
2017年5月24日,阴,24,16,北风 4-5级
2017年5月23日,中到大雨,26,19,北风 3-4级
2017年5月22日,多云,30,22,东南风 3-4级
2017年5月21日,多云,30,20,东南风 3-4级
2017年5月20日,阴,29,19,东南风 3-4级
2017年5月19日,多云,30,18,东南风 ≤3级
2017年5月18日,晴,30,18,东南风 ≤3级
2017年5月17日,多云,27,18,东风 ≤3级
2017年5月16日,阵雨,23,16,东北风 ≤3级
2017年5月15日,多云,27,17,东北风 <3级
2017年5月14日,晴,31,18,东北风 <3级
2017年5月13日,晴,29,17,东南风 <3级
2017年5月12日,中雨,22,18,东北风 ≤3级
2017年5月11日,多云,33,21,东南风 ≤3级
2017年5月10日,晴,32,17,西南风 ≤3级
2017年5月9日,多云,27,16,西风 4-5级
2017年5月8日,中雨,20,17,东南风 3-4级
2017年5月7日,多云,26,16,东风 ≤3级
2017年5月6日,多云,26,17,东北风 3-4级
2017年5月5日,多云,27,17,西北风 3-4级
2017年5月4日,小雨,24,17,西北风 4-5级
2017年5月3日,阴,25,19,东风 3-4级
2017年5月2日,阵雨,22,18,东风 ≤3级
2017年5月1日,阵雨,29,18,东南风 3-4级
